objectid,ujahr,umonat,ustunde,uwochentag,ukategorie,uart,utyp1,ulichtverh,istrad,istpkw,istfuss,istkrad,istgkfz,istsonstig,ustrzustand,linrefx,linrefy,xgcswgs84,ygcswgs84
96221,2019,1,20,5,3,4,2,2,1,1,0,0,0,0,1,"407031,446276433770000","5757918,803299745500000","7,646820702000071","51,964178413000070"
96294,2019,1,19,4,3,3,6,2,1,0,0,0,0,0,0,"405160,114401451310000","5756934,443669045300000","7,619863259000056","51,955014490000053"
96575,2019,1,0,1,2,5,3,2,1,1,0,0,0,0,1,"406305,766868651840000","5756678,901332071100000","7,636599663000027","51,952911756000049"
96636,2019,1,13,6,3,5,2,0,1,1,0,0,0,0,1,"400561,828999999910000","5756756,569000002000000","7,553021717000036","51,952612525000063"
96740,2019,1,1,5,3,0,1,2,1,0,0,0,0,0,0,"406307,062635663900000","5757679,488121770300000","7,636345630000051","51,961905724000076"
96822,2019,1,20,4,3,3,6,2,1,0,0,0,0,0,0,"406077,491536684330000","5756742,159873986600000","7,633261623000067","51,953441849000058"
96825,2019,1,13,4,2,0,1,0,1,0,0,0,0,0,0,"401821,228848671540000","5760893,502304786800000","7,570158515000060","51,990019868000047"
96894,2019,1,7,2,3,0,1,1,1,0,0,0,0,0,1,"401204,257600331680000","5764140,955350289100000","7,560239769000020","52,019098938000070"
97286,2019,1,23,4,3,1,5,2,1,1,0,0,0,0,1,"407021,797585272230000","5757850,163010250800000","7,646698889000049","51,963559825000061"
97287,2019,1,16,4,3,5,6,0,1,1,0,0,0,0,0,"405578,328000000680000","5756998,951000003100000","7,625929598000028","51,955665476000036"
97289,2019,1,7,4,3,5,3,1,1,1,0,0,0,0,0,"405194,323750388810000","5750115,780875433200000","7,622239004000051","51,893730982000079"
97618,2019,1,11,7,3,5,3,0,1,1,0,0,0,0,0,"403491,460219860080000","5755466,971006734300000","7,596000364000076","51,941537275000030"
97695,2019,1,16,6,3,5,2,0,1,1,0,0,0,0,0,"403022,610000001270000","5754056,401999998800000","7,589579454000045","51,928777091000029"
98087,2019,1,8,3,3,5,2,0,1,1,0,0,0,0,0,"407834,427808079870000","5759154,678526898800000","7,658173013000067","51,975420829000029"
98090,2019,1,7,3,3,5,3,0,1,0,0,0,0,0,0,"406205,131602145730000","5757441,825874397500000","7,634927428000026","51,959752318000028"
98099,2019,1,14,3,3,3,2,0,1,1,0,0,0,0,0,"402611,471180626190000","5753834,660579593900000","7,583664651000049","51,926712227000053"
98119,2019,1,13,6,3,5,2,0,1,1,0,0,0,0,0,"407672,833683592270000","5756833,519563419700000","7,656445164000047","51,954530181000052"
98288,2019,1,12,3,3,5,2,0,1,1,0,0,0,0,1,"403051,202345618980000","5758116,424258122200000","7,588850119000028","51,965274821000037"
98289,2019,1,7,3,2,0,7,2,1,0,0,0,0,0,2,"408030,875418911690000","5758303,192765528300000","7,661260360000028","51,967799758000069"
98290,2019,1,5,3,3,0,7,2,1,0,0,0,0,0,2,"408696,398148012350000","5756397,866617506400000","7,671451583000021","51,950783258000058"
98291,2019,1,1,3,3,0,1,2,1,0,0,0,0,0,1,"403161,410000001080000","5759052,005000000800000","7,590189830000043","51,973703293000028"
98382,2019,1,17,5,3,2,3,2,1,1,0,0,0,0,1,"403049,831267337310000","5758116,678620005000000","7,588830097000027","51,965276868000046"
98448,2019,1,18,2,3,5,3,2,1,1,0,0,0,0,1,"404902,631000001910000","5762243,723000001200000","7,614645972000062","52,002692250000052"
98452,2019,1,15,2,3,5,2,0,1,1,0,0,0,0,1,"403770,629000001590000","5754711,129999999000000","7,600271859000031","51,934791853000036"
98591,2019,1,21,4,2,3,6,2,1,0,0,0,0,0,2,"406937,496121435430000","5757773,587112654000000","7,645492999000055","51,962857417000066"
98592,2019,1,16,4,3,5,3,0,1,0,0,0,1,0,1,"407044,952796001920000","5757868,436929658100000","7,647030866000023","51,963727953000046"
98807,2019,2,17,7,3,1,5,1,1,1,0,0,0,0,1,"405578,877404412250000","5756821,543663803500000","7,625986342000033","51,954070954000031"
98926,2019,2,15,3,3,5,2,0,1,1,0,0,0,0,0,"405455,253000000490000","5759121,153999999200000","7,623554810000030","51,974719809000078"
98927,2019,2,13,3,3,1,6,0,1,0,0,0,0,0,0,"406155,558017926290000","5757435,097148019800000","7,634208004000072","51,959683473000041"
99111,2019,2,14,7,3,5,2,0,1,1,0,0,0,0,0,"405782,720849396660000","5755731,994492596000000","7,629250413000023","51,944312157000070"
99112,2019,2,17,7,3,0,3,0,1,1,0,0,0,0,0,"405782,736908687280000","5755732,013380006000000","7,629250641000056","51,944312329000070"
99259,2019,2,9,6,3,5,3,0,1,1,0,0,0,0,0,"406537,972946568390000","5750575,382951991600000","7,641634993000025","51,898089104000064"
99260,2019,2,8,6,3,1,5,0,1,1,0,0,0,0,1,"405081,291941844860000","5759105,252224085900000","7,618116543000042","51,974513130000048"
99440,2019,2,6,5,3,5,3,2,1,1,0,0,0,0,1,"404326,302019314840000","5756264,114356739400000","7,607919859000049","51,948846493000076"
99662,2019,2,10,1,3,3,2,0,1,1,0,0,0,0,0,"405164,440306261180000","5756901,127267431500000","7,619935386000066","51,954715766000049"
99792,2019,2,16,5,3,5,3,0,1,1,0,0,0,0,0,"405739,563047156670000","5753729,381308056400000","7,629171472000053","51,926304395000045"
100053,2019,2,16,6,3,8,1,0,1,0,0,0,0,0,0,"408813,658563434150000","5758532,777251549100000","7,672590569000022","51,969992364000063"
100078,2019,2,16,4,3,5,3,0,1,1,0,0,0,0,0,"406133,740419750100000","5757702,640671826900000","7,633817457000021","51,962084594000032"
100079,2019,2,13,4,3,0,5,0,1,1,0,0,0,0,0,"405648,614834705370000","5756980,848354360100000","7,626957100000027","51,955514692000065"
100080,2019,2,10,4,3,1,5,0,1,1,0,0,0,0,0,"404669,747128407470000","5759480,299874937200000","7,612022738000064","51,977813746000038"
100168,2019,2,19,3,3,5,2,2,1,1,0,0,0,0,0,"406628,592371324080000","5758709,235125314400000","7,640743890000067","51,971215674000064"
100169,2019,2,16,3,3,4,2,0,1,1,0,0,0,0,0,"401877,237683466640000","5753654,857938041900000","7,573041412000066","51,924967174000074"
100286,2019,2,16,2,3,3,6,0,1,1,0,0,0,0,0,"404784,462779388760000","5755235,854708546800000","7,614868889000036","51,939682687000072"
100357,2019,2,14,7,3,5,2,0,1,1,0,0,0,0,0,"406038,352976575490000","5756774,951165309200000","7,632683297000028","51,953729981000038"
100444,2019,2,14,6,3,3,6,0,1,0,0,0,0,0,0,"405046,408797043380000","5756567,783853460100000","7,618310420000057","51,951699397000027"
100549,2019,2,14,5,3,1,3,0,1,1,0,0,0,0,1,"403501,661367616620000","5760698,882426487300000","7,594678490000035","51,988565076000043"
100647,2019,2,0,3,2,4,6,2,1,0,0,0,0,0,0,"409383,946567085570000","5751521,817102776800000","7,682737169000063","51,907066419000046"
100753,2019,2,9,2,3,5,3,0,1,1,0,0,0,0,0,"407153,091403447090000","5760550,965315498400000","7,647878603000038","51,987857906000045"
100759,2019,2,8,3,3,3,3,0,1,1,0,0,0,0,0,"406526,867999999780000","5750599,418999999800000","7,641467126000066","51,898303291000047"
101087,2019,2,15,5,3,1,4,0,1,0,1,0,0,0,0,"409070,920305487700000","5752861,916014010100000","7,677834309000048","51,919061154000076"
101233,2019,2,7,4,3,5,3,0,1,1,0,0,0,0,0,"406062,380125024360000","5751516,489602448400000","7,634468395000056","51,906468320000045"
101290,2019,3,17,6,3,6,4,0,1,0,1,0,0,0,0,"406608,472335600290000","5757158,657605066900000","7,640872766000030","51,957274957000038"
101393,2019,3,17,4,2,5,2,0,1,1,0,0,0,0,1,"407061,588000000450000","5757345,232999999100000","7,647414494000032","51,959027910000032"
101394,2019,3,12,4,3,5,2,0,1,0,0,0,0,1,0,"406008,587041108870000","5757791,834510883300000","7,631972055000063","51,962865164000050"
101526,2019,3,19,3,3,5,2,1,1,1,0,0,0,0,0,"407296,247854567130000","5757988,437185637700000","7,650654997000061","51,964848538000069"
101528,2019,3,16,3,3,5,3,0,1,1,0,0,0,0,0,"406510,019101615060000","5757238,452881664000000","7,639418697000053","51,957975652000073"
101555,2019,3,13,5,3,5,3,0,1,1,0,0,0,0,1,"407058,082880979400000","5757259,554980456800000","7,647386678000032","51,958257206000042"
101754,2019,3,15,3,2,5,3,0,1,1,0,0,0,0,0,"399146,390443028880000","5760141,203066567000000","7,531437970000070","51,982778927000027"
101946,2019,3,2,7,3,5,2,2,1,1,0,0,0,0,1,"406533,325782502070000","5756210,836961815100000","7,640037293000034","51,948742850000031"
101949,2019,3,15,7,2,1,5,0,1,1,0,0,0,0,1,"406842,107151579110000","5757007,066354677100000","7,644312929000023","51,955951569000035"
102327,2019,3,18,4,3,5,2,1,1,1,0,0,0,0,1,"405930,555931756270000","5756158,803321506800000","7,631283782000025","51,948173534000034"
102741,2019,3,5,3,3,5,3,2,1,1,0,0,0,0,0,"407301,702077922410000","5761121,239457076400000","7,649887985000021","51,993008622000048"
102840,2019,3,17,5,3,4,2,0,1,1,0,0,0,0,0,"403888,358222963290000","5753109,800149969800000","7,602430983000033","51,920418818000030"
102843,2019,3,12,5,3,5,2,0,1,1,0,0,0,0,0,"406940,192162583580000","5756956,257807059200000","7,645753649000028","51,955511299000079"
102940,2019,3,7,2,2,5,3,0,1,1,0,0,0,0,1,"404211,457999999630000","5756332,520000001400000","7,606230315000062","51,949441583000066"
102942,2019,3,7,2,2,3,2,0,1,1,0,0,0,0,1,"401513,002657247710000","5761614,806972492500000","7,565463923000038","51,996448492000070"
103015,2019,3,22,5,3,5,3,2,1,1,0,0,0,0,0,"403942,414524924940000","5754808,066945239900000","7,602742735000049","51,935692837000033"
103372,2019,3,9,3,3,3,2,0,1,1,0,0,0,0,0,"407042,487162917850000","5757868,757682314100000","7,646994903000064","51,963730424000062"
103376,2019,3,19,3,2,0,7,2,1,0,0,0,0,0,1,"404834,850615478120000","5758301,575632393400000","7,614752633000023","51,967247237000038"
103379,2019,3,16,3,3,5,3,0,1,1,0,0,0,0,0,"406815,368979238910000","5756752,365899626200000","7,643993013000056","51,953657712000052"
103450,2019,3,13,6,3,0,7,0,1,0,0,0,0,0,0,"405068,546328530650000","5757456,739458249900000","7,618386829000031","51,959693474000062"
103454,2019,3,12,6,3,1,5,0,1,1,0,0,0,0,0,"409338,967175008730000","5752448,523362830300000","7,681839601000036","51,915388998000026"
103542,2019,3,13,2,3,5,2,0,1,1,0,0,0,0,0,"408379,804999999700000","5753916,673999998700000","7,667507241000067","51,928428708000069"
103576,2019,3,11,7,2,5,2,0,1,0,0,0,1,0,0,"404684,754999999890000","5759085,980000004200000","7,612350699000047","51,974272033000034"
103815,2019,4,9,3,3,0,1,0,1,0,0,0,0,0,0,"408777,351301267740000","5753306,770466061300000","7,673448992000033","51,923011785000028"
103816,2019,4,9,3,3,5,2,0,1,0,0,0,0,0,0,"405953,276159846220000","5751932,169118478900000","7,632769415000041","51,910186262000082"
103817,2019,4,9,3,3,5,2,0,1,1,0,0,0,0,0,"407234,747960689480000","5756891,444253550800000","7,650056362000044","51,954977935000045"
103934,2019,4,15,2,3,5,2,0,1,1,0,0,0,0,0,"409759,650559423490000","5751788,919165756600000","7,688127173000055","51,909528319000060"
104154,2019,4,10,6,3,2,6,0,1,0,0,0,0,0,0,"407260,946831095030000","5756888,806611299500000","7,650438213000030","51,954958596000040"
104249,2019,4,18,5,3,4,6,0,1,0,0,0,0,0,1,"404069,337103194560000","5759220,704103859100000","7,603356333000022","51,975377083000069"
104250,2019,4,14,5,3,5,3,0,1,1,0,0,0,0,1,"404914,411612326280000","5756295,418238155500000","7,616465660000074","51,949228712000036"
104251,2019,4,16,5,3,4,2,0,1,1,0,0,0,0,1,"403492,166115456260000","5760696,931846385800000","7,594540802000040","51,988545894000026"
104252,2019,4,3,5,2,0,1,2,1,0,0,0,0,0,0,"406229,290369685740000","5758888,834060365300000","7,634883760000037","51,972762764000038"
104253,2019,4,14,5,3,0,3,0,1,1,0,0,0,0,1,"405507,037284017540000","5751870,835723634800000","7,626300925000066","51,909559442000045"
104565,2019,4,16,1,3,5,3,0,1,1,0,0,0,0,0,"404984,147148887630000","5758214,557229746100000","7,616949226000031","51,966490622000038"
104568,2019,4,5,1,3,5,2,2,1,1,0,0,0,0,0,"406392,794476745650000","5756345,713774323500000","7,637956419000034","51,949931557000070"
104638,2019,4,18,3,2,5,3,0,1,0,0,0,0,0,0,"404587,859326441770000","5758645,690423049000000","7,611062874000027","51,970297926000057"
104641,2019,4,8,3,3,5,2,0,1,1,0,0,0,0,0,"406603,609102246350000","5757162,468776878000000","7,640800977000026","51,957308397000077"
104760,2019,4,13,7,3,5,2,0,1,1,0,0,0,0,0,"410570,569000000130000","5760598,091000001900000","7,697620574000041","51,988842246000047"
104811,2019,4,12,6,3,5,2,0,1,1,0,0,0,0,0,"406169,452999999750000","5758093,650000000400000","7,634230245000026","51,965605193000044"
104899,2019,4,2,5,3,0,7,2,1,0,0,0,0,0,0,"405402,576636752110000","5758174,987567652000000","7,623048881000045","51,966206318000047"
104955,2019,4,0,1,2,0,1,2,1,0,0,0,0,0,1,"409829,266119585370000","5761042,537017220600000","7,686710998000024","51,992717346000063"
105052,2019,4,6,4,3,5,2,1,1,0,0,0,0,0,0,"405966,250323404560000","5757187,693697407800000","7,631521431000067","51,957427714000062"
105054,2019,4,15,4,3,2,6,0,1,0,0,0,0,0,0,"406257,416949498470000","5757689,038594875500000","7,635620676000031","51,961983199000031"
105055,2019,4,12,4,3,5,2,0,1,0,0,0,0,1,0,"406142,073465333320000","5751402,263853645000000","7,635657622000053","51,905455029000052"
105057,2019,4,6,4,3,5,3,0,1,1,0,0,0,0,0,"403942,104813333600000","5758260,906599987300000","7,601773146000028","51,966728134000050"
105336,2019,4,13,2,3,3,6,0,1,0,0,0,0,0,0,"404510,911424227990000","5756302,049682376900000","7,610594586000048","51,949219194000079"
105475,2019,4,18,4,2,5,2,0,1,0,0,0,0,1,0,"406505,378406400790000","5757242,435403371200000","7,639350097000033","51,958010669000032"
106173,2019,4,19,4,3,0,4,0,1,0,1,0,0,0,0,"404335,443492715250000","5759047,107566122000000","7,607277695000050","51,973862612000062"
106176,2019,4,14,4,3,0,4,0,1,0,1,0,0,0,0,"405151,402519047260000","5757194,547400564000000","7,619664715000056","51,957350924000082"
106200,2019,4,19,7,2,6,4,0,1,0,1,0,0,0,0,"405849,646077803340000","5756856,063087830300000","7,629915883000024","51,954427137000039"
106473,2019,4,14,5,3,2,3,0,1,1,0,0,0,0,0,"405946,016000000760000","5756806,165000002800000","7,631331492000072","51,953994937000061"
106476,2019,4,17,5,3,0,1,0,1,0,0,0,0,0,0,"406302,079294522290000","5757680,310111220900000","7,636272898000073","51,961912273000053"
106478,2019,4,14,5,3,1,5,0,1,1,0,0,0,0,0,"406553,379682548340000","5758759,490385118900000","7,639635632000022","51,971654751000074"
106614,2019,4,8,3,3,5,3,0,1,1,0,0,0,0,0,"401648,180000000630000","5755592,414000000800000","7,569157521000022","51,942342003000078"
106625,2019,5,23,6,2,0,7,2,1,0,0,0,0,0,1,"406352,950800072400000","5757350,155783591800000","7,637103093000064","51,958953260000044"
106627,2019,5,16,6,3,3,6,0,1,0,0,0,0,0,0,"406029,683000001130000","5756779,374000001700000","7,632555962000026","51,953768271000058"
106630,2019,5,7,6,2,0,1,0,1,0,0,0,0,0,0,"404038,907505241220000","5753657,749028220800000","7,604466685000034","51,925369973000045"
106815,2019,5,18,5,3,3,6,0,1,1,0,0,0,0,1,"406010,524372266610000","5758954,663197707400000","7,631681913000023","51,973317510000072"
106877,2019,4,13,2,3,6,6,0,1,0,1,0,0,0,0,"406273,174750276840000","5757401,133201291800000","7,635928515000046","51,959398028000066"
106880,2019,4,7,2,3,1,5,0,1,0,0,0,0,0,0,"404589,786517437550000","5755718,559804853100000","7,611903832000053","51,943988089000072"
106959,2019,5,7,7,3,5,3,0,1,1,0,0,0,0,0,"404642,243375947700000","5755256,086377158800000","7,612795023000047","51,939840182000069"
107095,2019,5,15,3,3,5,2,0,1,1,0,0,0,0,0,"405403,326224843970000","5756012,365816613700000","7,623655241000051","51,946767876000081"
107096,2019,5,14,3,3,5,3,0,1,0,0,0,0,0,0,"401181,337000002150000","5759373,322000002500000","7,561280439000029","51,976242785000068"
107097,2019,5,8,3,3,5,2,0,1,1,0,0,0,0,0,"404062,387856344690000","5756226,473884308700000","7,604091567000069","51,948462710000058"
107204,2019,5,16,2,3,4,7,0,1,0,0,0,0,0,0,"404961,892911605540000","5758232,464269986400000","7,616620438000041","51,966647773000034"
107206,2019,5,9,2,3,5,3,0,1,1,0,0,0,0,0,"407095,257172582670000","5760302,452180184400000","7,647103942000058","51,985614483000063"
107461,2019,5,18,5,3,5,3,0,1,1,0,0,0,0,0,"405509,892000000920000","5751883,525000000400000","7,626338932000067","51,909673984000051"
107591,2019,5,9,4,3,5,2,0,1,1,0,0,0,0,0,"405774,000615568830000","5758000,243291594100000","7,628501566000068","51,964698724000073"
107592,2019,5,18,4,3,0,3,0,1,1,0,0,0,0,0,"406625,066000000570000","5757653,318000000000000","7,640979717000050","51,961723994000067"
107596,2019,5,17,4,3,5,3,1,1,1,0,1,0,0,1,"407255,182572051880000","5756889,386580428100000","7,650354198000059","51,954962847000047"
107597,2019,5,15,4,3,3,6,0,1,1,0,0,0,0,1,"405478,056977874600000","5754988,226697726200000","7,625023733000035","51,937575151000033"
107694,2019,5,18,2,3,3,6,0,1,0,0,0,0,0,0,"404826,681127021090000","5758354,776018733200000","7,614619007000044","51,967724024000063"
107695,2019,5,18,2,2,0,1,0,1,0,0,0,0,0,0,"403999,397360404950000","5758107,933168496900000","7,602649601000053","51,965363056000058"
107696,2019,5,9,2,3,1,1,0,1,1,0,0,0,0,0,"406813,805084995930000","5757689,307136736800000","7,643716112000050","51,962079149000033"
107757,2019,5,16,3,3,5,3,0,1,1,0,0,0,0,0,"405194,139560702260000","5750111,041441345600000","7,622237631000076","51,893688350000048"
107936,2019,5,13,7,3,3,6,0,1,0,0,0,0,0,0,"404248,748985987160000","5754425,217753531400000","7,607303823000052","51,932304428000066"
107938,2019,5,17,7,3,3,6,0,1,0,0,0,0,0,0,"406314,768782553260000","5757374,924500554800000","7,636540824000065","51,959169461000045"
108072,2019,5,14,4,3,3,6,0,1,0,0,0,0,0,0,"405723,703470736740000","5753793,981215216200000","7,628923202000067","51,926882365000040"
108208,2019,5,18,7,3,5,3,0,1,1,0,0,0,0,0,"404286,967559561130000","5748389,217185268200000","7,609536078000076","51,878056707000042"
108210,2019,5,14,7,3,0,7,0,1,1,0,0,0,0,0,"407027,454516152850000","5760008,995079783700000","7,646196426000074","51,982965409000030"
108256,2019,5,14,5,3,5,3,0,1,1,0,0,0,0,0,"411139,644916796130000","5758907,076996818200000","7,706343856000046","51,973733576000029"
108292,2019,5,8,3,3,3,6,0,1,0,0,0,0,0,1,"406108,837209182790000","5758994,276768522300000","7,633101895000038","51,973690192000049"
108409,2019,5,11,2,2,3,2,0,1,1,0,0,0,0,0,"405409,101000001650000","5755469,404000002900000","7,623888619000070","51,941888474000052"
108411,2019,5,18,2,3,3,2,0,1,0,0,0,0,1,0,"405948,493147126400000","5756805,316420003800000","7,631367761000035","51,953987728000072"
108412,2019,5,12,2,2,4,6,0,1,0,0,0,0,0,0,"404927,991997266190000","5758241,934403348700000","7,616124508000041","51,966727097000046"
108527,2019,5,16,1,2,5,3,0,1,1,0,0,0,0,0,"405763,800684041340000","5756906,095798520400000","7,628653318000033","51,954862313000035"
108728,2019,5,9,6,3,5,2,0,1,1,0,0,0,0,0,"403051,883909263650000","5758146,527752181500000","7,588851537000039","51,965545519000045"
108842,2019,5,22,5,2,5,2,2,1,1,0,0,0,0,0,"406938,233911626970000","5756952,467295749100000","7,645726187000037","51,955476900000065"
108843,2019,5,14,5,3,4,7,0,1,1,0,0,0,0,0,"406238,109000000170000","5757692,811999999000000","7,635338714000056","51,962013861000059"
108845,2019,5,7,5,3,0,3,0,1,0,0,0,0,0,0,"406307,080417650750000","5758866,550021689400000","7,636021965000055","51,972575585000072"
109031,2019,5,21,4,3,5,2,1,1,1,0,0,0,0,0,"403066,686997787100000","5760216,966787612100000","7,588482162000048","51,984157760000073"
109033,2019,5,17,4,3,5,3,0,1,1,0,0,0,0,0,"406305,053000001240000","5756676,910000002000000","7,636589821000030","51,952893736000078"
109034,2019,5,11,4,3,5,2,0,1,1,0,0,0,0,0,"405020,794000000690000","5758077,995000001000000","7,617520263000074","51,965269410000076"
109036,2019,5,7,4,3,5,3,0,1,1,0,0,0,0,0,"400571,226943709890000","5756721,005331547900000","7,553168714000037","51,952294553000058"
109038,2019,5,1,4,2,0,1,2,1,0,0,0,0,0,0,"405503,745591071430000","5758104,569553624800000","7,624540407000040","51,965590579000036"
109069,2019,5,15,3,3,3,2,0,1,0,0,0,0,0,1,"405373,735515093430000","5755801,829074893100000","7,623282793000044","51,944870446000039"
109251,2019,5,18,4,3,5,2,0,1,1,0,0,0,0,0,"404412,290000000040000","5755367,059999998700000","7,609420022000052","51,940798200000074"
109256,2019,5,5,2,3,5,3,1,1,1,0,0,0,0,1,"404114,515633562580000","5748879,793141491700000","7,606895285000064","51,882436614000028"
109258,2019,5,21,2,3,5,3,1,1,1,0,0,0,0,0,"404790,321285380050000","5761206,218779411200000","7,613298602000043","51,993347575000030"
109578,2019,6,20,2,3,5,2,0,1,1,0,0,0,0,0,"402945,782000000590000","5757810,739000000100000","7,587402555000040","51,962508842000034"
109579,2019,6,15,2,3,5,2,0,1,1,0,0,0,0,0,"405724,131295045840000","5753792,240446135400000","7,628929899000070","51,926866791000066"
109581,2019,6,14,2,2,5,3,0,1,0,0,0,0,0,0,"404257,643391384740000","5758974,986577948600000","7,606165530000055","51,973200967000082"
109584,2019,6,15,2,3,0,7,0,1,0,0,0,0,0,0,"406359,533284151000000","5756997,589156594100000","7,637294961000066","51,955785331000072"
109782,2019,5,17,6,3,5,3,0,1,1,0,0,0,0,0,"404802,959999999030000","5761701,439999999500000","7,613345092000031","51,997800953000080"
109783,2019,5,16,6,3,5,6,0,1,0,0,0,0,0,0,"405542,977909479290000","5756661,056077886400000","7,625508211000067","51,952622325000050"
109788,2019,5,19,6,3,3,1,0,1,0,0,0,0,0,0,"406332,515179498120000","5756679,731733655600000","7,636988548000034","51,952923725000062"
109891,2019,6,11,1,3,4,3,0,1,1,0,0,0,0,0,"406148,816601429130000","5750922,274932123700000","7,635886325000058","51,901141757000062"
109893,2019,6,21,1,3,0,6,2,1,0,1,0,0,0,0,"406809,360860719350000","5755961,418444518000000","7,644120072000021","51,946547262000081"
110025,2019,6,10,4,3,0,7,0,1,0,0,0,0,0,0,"405520,516187918370000","5756550,035288315300000","7,625211984000032","51,951620606000063"
110028,2019,6,13,4,3,0,3,0,1,0,0,0,0,0,0,"405956,786807615310000","5757879,917679138500000","7,631194225000058","51,963648135000028"
110127,2019,6,17,6,3,5,3,0,1,1,0,0,0,0,0,"403935,726412015970000","5757905,986213974700000","7,601779620000059","51,963536890000057"
110129,2019,6,12,6,3,4,6,0,1,0,0,0,0,0,0,"405506,250006418680000","5751877,201665358600000","7,626287737000041","51,909616529000061"
110273,2019,6,8,3,2,0,1,0,1,0,0,0,0,0,0,"405556,586617483760000","5754436,034131834300000","7,626317325000059","51,932625118000033"
110275,2019,6,19,3,3,0,7,0,1,0,0,0,0,0,0,"406051,910059351470000","5756765,527925416800000","7,632883093000032","51,953647571000033"
110385,2019,6,15,5,3,6,4,0,1,0,1,0,0,0,0,"405062,596017368140000","5757465,466898763600000","7,618297844000040","51,959770904000038"
110387,2019,6,17,5,3,6,4,0,1,0,1,0,0,0,0,"406273,200461393220000","5757401,116939051100000","7,635928893000028","51,959397886000033"
110389,2019,6,8,5,2,5,3,0,1,0,0,1,0,0,0,"402817,863623467270000","5753940,568614609500000","7,586635351000041","51,927700233000053"
110392,2019,6,2,5,3,7,1,2,1,0,0,0,0,0,1,"405370,035580793400000","5755663,783618548900000","7,623266975000036","51,943629002000080"
110537,2019,6,9,3,3,5,3,0,1,1,0,0,0,0,0,"405108,578587876630000","5756668,559084398700000","7,619186955000032","51,952615817000037"
110538,2019,6,15,3,3,5,3,0,1,1,0,0,0,0,0,"410594,023000001910000","5753371,461000002900000","7,699842632000070","51,923887975000071"
110709,2019,6,16,1,3,3,6,0,1,0,0,0,0,0,0,"407101,798177028070000","5760330,782841282000000","7,647191491000058","51,985870226000031"
110791,2019,6,11,3,2,9,7,0,1,0,0,0,0,0,0,"406151,666300210170000","5751386,704165868500000","7,635801261000040","51,905316786000071"
110827,2019,6,17,5,3,3,3,0,1,1,0,0,0,0,0,"407701,160000000150000","5758539,449000001000000","7,656398797000065","51,969868703000031"
110982,2019,6,16,4,3,5,3,0,1,1,0,0,0,0,1,"404523,467965525570000","5759082,056103993200000","7,610004435000064","51,974209077000069"
110983,2019,6,10,4,3,6,4,0,1,0,1,0,0,0,0,"404755,006800752130000","5758425,200650198400000","7,613556480000057","51,968344750000028"
111142,2019,6,3,1,3,0,1,2,1,0,0,0,0,0,0,"407039,007000001150000","5757866,227000001800000","7,646944949000044","51,963707095000075"
111333,2019,6,5,6,3,5,2,1,1,1,0,0,0,0,0,"402427,529979504640000","5753739,035770416300000","7,581017563000046","51,925820511000040"
111441,2019,6,11,3,2,5,2,0,1,1,0,0,0,0,0,"398637,643134140410000","5758007,089769752700000","7,524662817000035","51,963504896000074"
111443,2019,6,7,3,3,5,2,0,1,1,0,0,0,0,0,"406940,436653381210000","5756956,725214552100000","7,645757079000020","51,955515541000068"
111761,2019,6,13,6,3,5,2,0,1,1,0,0,0,0,0,"406837,923711387440000","5756781,873005967600000","7,644313126000043","51,953926716000069"
111763,2019,6,14,6,3,5,3,0,1,1,0,0,0,0,0,"408463,531924775800000","5756498,398267017700000","7,668037384000058","51,951648621000061"
111764,2019,6,13,6,3,0,5,0,1,1,0,0,0,0,0,"405963,156660569830000","5751750,338276376900000","7,632962644000031","51,908553537000046"
111868,2019,6,2,5,3,5,2,2,1,1,0,0,0,0,0,"406305,499163649980000","5756678,154570665200000","7,636595972000066","51,952904998000065"
111869,2019,6,13,5,3,4,6,0,1,0,0,0,0,0,0,"400852,855354595000000","5756459,702611284300000","7,557340789000023","51,949996194000050"
112016,2019,6,8,4,3,0,1,0,1,0,0,0,0,0,0,"412291,146315844730000","5753461,981488158900000","7,724492759000043","51,924971612000036"
112276,2019,6,17,4,3,1,7,0,1,0,0,0,0,0,0,"405580,062668211760000","5756827,423052398500000","7,626001969000072","51,954124002000071"
112278,2019,6,12,4,3,3,6,0,1,0,0,0,0,0,0,"400947,472999999300000","5753703,381999999300000","7,559510862000025","51,925238667000031"
112555,2019,6,11,6,3,5,2,0,1,1,0,0,0,0,0,"405141,136000000870000","5757021,191999999800000","7,619563216000074","51,955790983000043"