objectid,ujahr,umonat,ustunde,uwochentag,ukategorie,uart,utyp1,ulichtverh,istrad,istpkw,istfuss,istkrad,istgkfz,istsonstig,ustrzustand,linrefx,linrefy,xgcswgs84,ygcswgs84
112798,2019,6,13,7,3,3,6,0,1,1,0,0,0,0,0,"405968,241409766490000","5756447,011841878300000","7,631753090000075","51,950770460000058"
112800,2019,6,12,7,2,0,4,0,1,0,1,0,0,0,0,"405888,384935852140000","5757927,359858783000000","7,630185937000022","51,964062991000048"
112813,2019,6,17,5,3,0,7,0,1,0,0,0,0,1,1,"397588,895999999720000","5756743,021000003400000","7,509780592000027","51,951951272000031"
112814,2019,6,13,5,3,4,6,0,1,0,0,0,0,0,0,"408587,176777094600000","5753611,521827204200000","7,670603361000076","51,925719897000079"
112816,2019,6,8,5,3,0,1,0,1,0,0,0,0,0,0,"405791,558320549320000","5756889,960883595000000","7,629061553000042","51,954721988000074"
113107,2019,7,7,4,3,0,6,0,1,0,0,0,0,0,0,"406296,478000001050000","5758870,500000003700000","7,635866584000041","51,972609301000034"
113111,2019,7,9,4,3,0,7,0,1,1,0,0,0,0,0,"407270,312551667910000","5756887,715544454800000","7,650574759000051","51,954950350000047"
113143,2019,7,11,2,2,5,3,0,1,1,0,0,0,0,0,"404117,216829014940000","5758144,070926576900000","7,604353898000056","51,965708208000081"
113145,2019,7,19,2,3,5,2,0,1,1,0,0,0,0,0,"408401,855873041790000","5753924,842691373100000","7,667825673000039","51,928505762000043"
113147,2019,7,10,2,3,0,1,0,1,0,0,0,0,0,0,"405756,955515272920000","5753658,358908604800000","7,629443780000031","51,925668955000049"
113358,2019,7,8,3,1,9,1,0,1,0,0,0,0,0,0,"404001,173095403240000","5759287,714978259100000","7,602345515000025","51,975967627000045"
113360,2019,7,7,3,2,5,3,0,1,0,0,0,0,1,1,"401451,644184299740000","5753676,609075862900000","7,566848042000061","51,925087503000043"
113560,2019,7,16,6,3,5,2,0,1,1,0,0,0,0,0,"405724,238316774370000","5753791,804986733900000","7,628931574000035","51,926862895000056"
113567,2019,7,8,6,3,5,2,0,1,0,0,0,1,0,0,"404662,948197395540000","5760134,064322827400000","7,611742108000044","51,983688841000060"
113720,2019,7,10,1,3,5,3,0,1,1,0,0,0,0,0,"405741,514845619910000","5753731,586138082700000","7,629199245000052","51,926324544000067"
113853,2019,7,7,5,3,6,4,0,1,0,1,0,0,0,0,"406274,874617424790000","5756673,916720673400000","7,636151629000040","51,952861746000053"
113855,2019,7,21,5,3,0,1,0,1,0,0,0,0,0,0,"398709,110785372560000","5758970,772799918400000","7,525418362000039","51,972179532000041"
113857,2019,7,18,5,3,3,4,0,1,0,1,0,0,0,0,"404671,263242889200000","5759405,780346851800000","7,612065507000068","51,977144198000076"
113858,2019,7,13,5,3,5,2,0,1,1,0,0,0,0,0,"405453,248662634750000","5756249,189348679000000","7,624316227000065","51,948905039000067"
113909,2019,7,19,7,3,0,5,0,1,1,0,0,0,1,1,"406027,357437162660000","5757775,080375563400000","7,632249755000032","51,962717744000031"
114088,2019,7,11,4,3,0,7,0,1,0,0,0,0,0,0,"406236,607919032690000","5757692,988257644700000","7,635316825000075","51,962015192000081"
114089,2019,7,9,4,3,3,2,0,1,0,0,0,0,1,0,"406322,629000001590000","5756457,541000001100000","7,636905299000034","51,950924902000054"
114320,2019,7,13,7,3,5,2,0,1,1,0,0,0,0,0,"406832,934999999590000","5757698,926000000900000","7,643991846000063","51,962168814000051"
114412,2019,7,17,6,3,5,3,0,1,1,0,0,0,0,1,"406625,066000000570000","5757653,318000000000000","7,640979717000050","51,961723994000067"
114596,2019,7,15,4,3,5,2,0,1,1,0,0,0,0,0,"405376,298353540710000","5761220,164067640900000","7,621826661000057","51,993573072000061"
114681,2019,7,10,3,3,3,6,0,1,0,0,0,0,0,0,"405969,819152290930000","5757858,055288447100000","7,631389839000065","51,963453831000038"
114781,2019,7,19,2,3,0,1,0,1,0,1,0,0,0,0,"403591,744731763380000","5758065,669595107400000","7,596729740000058","51,964912629000082"
114782,2019,7,14,2,3,5,3,0,1,0,0,0,0,1,0,"405874,410092765470000","5753185,484560344400000","7,631280674000038","51,921438392000027"
114854,2019,7,15,1,3,1,5,0,1,1,0,0,0,0,0,"405651,455397680400000","5756978,471612621100000","7,626999077000050","51,955493810000064"
114975,2019,7,18,6,3,3,2,0,1,1,0,0,0,0,0,"406900,451306496750000","5761080,863112278300000","7,644056665000051","51,992578581000032"
114976,2019,7,9,6,3,5,3,0,1,1,0,0,0,0,0,"411394,594979117620000","5761091,630501482600000","7,709490189000064","51,993410584000060"
114977,2019,7,19,6,3,5,3,0,1,1,0,0,0,0,0,"404990,934623905460000","5758202,204158026700000","7,617051411000034","51,966380748000063"
115080,2019,7,18,1,3,5,3,0,1,1,0,0,0,0,0,"403184,803690201600000","5759054,182788036800000","7,590529678000053","51,973726944000077"
115120,2019,7,14,5,3,4,2,0,1,1,0,0,0,0,0,"406335,295321188870000","5756776,308464903400000","7,637002667000047","51,953792272000044"
115215,2019,7,8,7,3,3,7,0,1,1,0,0,0,0,0,"405227,975999999790000","5750450,798000002300000","7,622635816000070","51,896748014000082"
115226,2019,7,18,4,3,2,1,0,1,0,0,0,0,0,0,"405393,224725977520000","5755968,130380913600000","7,623520488000054","51,946368551000035"
115227,2019,7,14,4,3,5,6,0,1,0,0,0,0,0,0,"405556,933011701330000","5754434,426304601100000","7,626322803000051","51,932610724000028"
115315,2019,7,13,3,3,1,7,0,1,0,0,0,0,0,0,"406719,534232310950000","5757082,398677347200000","7,642509265000058","51,956608146000065"
115316,2019,7,6,3,2,5,3,0,1,1,0,0,0,0,0,"407868,117437185720000","5754564,975940980000000","7,659894028000053","51,934171579000065"
115317,2019,7,16,3,3,5,2,0,1,1,0,0,1,0,0,"405973,628587712530000","5751708,608748035500000","7,633126219000076","51,908180218000041"
115427,2019,7,17,2,3,5,3,0,1,1,0,0,0,0,0,"403852,911848234010000","5748568,043956469700000","7,603182566000044","51,879589416000044"
115645,2019,7,13,7,2,0,1,0,1,0,0,0,0,0,0,"410419,428999999540000","5760649,173000002300000","7,695406763000051","51,989277048000076"
115725,2019,7,11,6,3,5,3,0,1,0,0,0,0,1,0,"407140,778973600830000","5756903,320711828800000","7,648686103000046","51,955069003000062"
115739,2019,7,8,2,3,5,3,0,1,1,0,0,0,0,0,"405921,874490539540000","5756084,939478898400000","7,631177721000029","51,947508143000050"
115743,2019,7,13,2,2,5,2,0,1,0,0,0,1,0,0,"406625,066000000570000","5757653,318000000000000","7,640979717000050","51,961723994000067"
115932,2019,7,16,1,3,3,6,0,1,0,0,0,0,0,0,"406173,977900898080000","5757697,963762259100000","7,634404194000069","51,962049348000050"
116158,2019,7,17,3,3,3,6,0,1,0,0,0,0,0,0,"406652,591972147110000","5757126,772088358200000","7,641523308000046","51,956995763000066"
116259,2019,8,20,5,2,6,7,0,1,0,1,0,0,0,0,"399882,878978932280000","5757016,809222562200000","7,543069567000032","51,954829789000030"
116596,2019,8,19,4,2,3,1,0,1,0,0,0,0,0,0,"401800,168297530150000","5760373,662098968400000","7,570000753000045","51,985343730000068"
116616,2019,8,1,1,3,5,6,2,1,1,0,0,0,0,0,"406630,884000001480000","5758715,395999999700000","7,640775564000023","51,971271436000052"
116621,2019,8,10,1,3,0,1,0,1,0,0,0,0,0,0,"404139,066999999810000","5763990,341000001900000","7,603037258000029","52,018260001000044"
116784,2019,8,15,7,3,5,3,0,1,1,0,0,0,0,0,"408148,043627612290000","5761314,572080453900000","7,662159147000068","51,994887021000068"
116907,2019,8,16,1,3,5,2,0,1,1,0,0,0,0,0,"405151,500544740820000","5757194,972560565900000","7,619666024000026","51,957354763000069"
117005,2019,8,16,3,2,5,3,0,1,1,0,0,0,0,1,"408964,218999999580000","5756241,443000001800000","7,675388919000056","51,949421125000072"
117023,2019,8,14,7,3,0,7,0,1,0,0,0,0,0,0,"404890,336589891460000","5762158,557244196500000","7,614490566000029","52,001924646000077"
117024,2019,8,12,7,3,6,7,0,1,1,1,0,0,0,0,"405514,872972227630000","5754733,405954808000000","7,625629113000059","51,935290955000028"
117169,2019,8,9,6,3,5,3,0,1,1,0,0,0,0,0,"405181,433461097070000","5750136,096904987500000","7,622046148000038","51,893911400000036"
117204,2019,8,7,2,3,0,1,0,1,0,0,0,0,0,0,"405413,922477266750000","5751298,825393054600000","7,625104708000038","51,904402117000075"
117433,2019,8,17,4,3,3,6,0,1,0,0,0,0,1,0,"405641,779000001960000","5756986,568000001800000","7,626856082000074","51,955564942000080"
117438,2019,8,7,6,3,3,6,0,1,0,0,0,0,0,0,"406233,322724865750000","5756679,446582758800000","7,635545659000059","51,952904447000037"
117439,2019,8,6,6,3,5,3,0,1,1,0,0,0,0,0,"410234,737000001590000","5751951,530000003100000","7,694989449000047","51,911066755000036"
117541,2019,8,16,5,3,2,6,0,1,0,0,0,0,0,0,"406976,308829518040000","5757806,858856609100000","7,646048728000039","51,963162976000035"
117738,2019,8,7,2,3,5,3,0,1,1,0,0,0,0,0,"406688,950547778980000","5759311,648399876400000","7,641458509000074","51,976640584000052"
118164,2019,8,16,4,3,5,3,0,1,1,0,0,0,0,0,"403488,120262338780000","5760696,085352214100000","7,594482139000036","51,988537583000038"
118410,2019,8,21,7,3,3,7,2,1,1,0,0,0,0,0,"405524,864504347560000","5756571,275796379900000","7,625269398000057","51,951812263000079"
118411,2019,8,23,7,3,0,7,2,1,0,0,0,0,0,0,"408580,674949342380000","5761510,644786000300000","7,668406365000067","51,996720819000075"
118413,2019,8,10,7,2,0,1,0,1,0,0,0,0,0,0,"408868,044512590390000","5758548,063016716400000","7,673377983000023","51,970138682000027"
118414,2019,8,21,7,2,0,1,2,1,0,0,0,0,0,0,"404935,304042364470000","5749207,572085954200000","7,618726314000071","51,885523415000080"
118574,2019,8,15,6,3,0,1,0,1,0,0,0,0,0,0,"405246,388476162220000","5758227,422147281500000","7,620761663000053","51,966651020000029"
118601,2019,8,7,5,3,5,3,0,1,1,0,0,0,0,1,"407095,065726520490000","5760301,613287080100000","7,647101382000074","51,985606911000048"
118658,2019,8,10,5,3,0,2,0,1,0,0,0,0,0,0,"404825,469673991200000","5758339,207616699900000","7,614605694000034","51,967583882000042"
118745,2019,8,9,3,3,2,6,0,1,0,0,0,0,0,0,"403991,665018409490000","5756982,012399716300000","7,602851792000024","51,955241558000068"
118757,2019,8,7,5,2,3,3,0,1,1,0,0,0,0,1,"404788,876065968540000","5761206,473572555900000","7,613277488000051","51,993349617000035"
118835,2019,8,13,5,3,5,3,0,1,1,0,0,0,0,0,"407899,827677492050000","5761418,186036974200000","7,658517066000059","51,995777243000077"
118916,2019,8,10,5,3,3,6,0,1,0,0,0,0,1,0,"406240,023975163700000","5757692,437751188900000","7,635366679000072","51,962010820000046"
119020,2019,8,12,6,3,3,6,0,1,0,0,0,1,0,0,"405639,030469243410000","5756984,517125584200000","7,626816660000031","51,955546042000037"
119053,2019,8,11,7,3,0,3,0,1,1,0,0,0,0,0,"403051,202345618980000","5758116,424258122200000","7,588850119000028","51,965274821000037"
119063,2019,8,16,6,3,0,7,0,1,0,0,0,0,1,0,"406052,327818785790000","5756765,237549718500000","7,632889250000062","51,953645032000054"
119260,2019,9,19,1,2,5,3,0,1,1,0,0,0,0,0,"407557,664637021720000","5758174,007412081600000","7,654408942000032","51,966560074000029"
119713,2019,9,13,2,3,5,3,0,1,1,0,0,0,0,0,"407013,488624458200000","5757123,621062733200000","7,646774672000049","51,957027907000054"
119944,2019,9,14,1,3,3,3,0,1,1,0,0,0,0,0,"405155,011605947280000","5756902,549562010900000","7,619797829000049","51,954726942000036"
120281,2019,9,13,2,3,5,2,0,1,1,0,0,0,0,0,"406085,022460951470000","5756734,628707464800000","7,633373236000068","51,953375427000026"
120409,2019,9,16,5,3,3,2,0,1,1,0,0,0,0,0,"406932,422000000250000","5751278,943000001800000","7,647176159000026","51,904479144000049"
120671,2019,9,6,6,3,3,2,1,1,0,0,0,0,1,0,"405480,663034508940000","5756994,632340842900000","7,624509960000069","51,955610067000066"
121158,2019,9,16,5,3,5,3,0,1,1,0,0,0,0,0,"401648,180000000630000","5755592,414000000800000","7,569157521000022","51,942342003000078"
121159,2019,9,15,5,2,5,3,0,1,1,0,0,0,0,0,"412213,127830516550000","5752201,739815989500000","7,723679800000070","51,913631192000082"
121284,2019,9,8,4,3,2,2,0,1,1,0,0,0,0,0,"412168,580867362210000","5759474,894518055000000","7,721174032000022","51,979001121000067"
121347,2019,9,9,7,3,1,6,0,1,1,0,0,0,0,0,"405533,772901560180000","5756615,143943382400000","7,625386927000022","51,952208083000073"
121362,2019,9,16,1,3,0,1,0,1,0,0,0,0,0,0,"406087,202000000510000","5758927,321000002300000","7,632805339000072","51,973084709000034"
121396,2019,9,14,6,3,5,3,0,1,1,0,0,0,0,0,"409137,742160194550000","5758959,005473578300000","7,677194101000055","51,973876636000057"
121507,2019,9,14,6,3,4,1,0,1,0,0,0,0,0,0,"411139,684609125370000","5758906,990662617600000","7,706344456000068","51,973732806000044"
121515,2019,9,15,7,3,3,1,0,1,0,0,0,0,0,0,"406423,476972179490000","5758819,885172812300000","7,637728665000054","51,972175750000076"
121562,2019,9,14,6,3,6,6,0,1,0,1,0,0,0,0,"405127,542204055000000","5756709,086873214700000","7,619451629000025","51,952983333000077"
121613,2019,9,15,6,3,0,3,0,1,1,0,0,0,0,0,"406135,535832151770000","5750909,941352373000000","7,635696709000058","51,901028659000076"
121846,2019,9,8,2,3,6,4,0,1,0,1,0,0,0,1,"405100,269596889620000","5756651,406241416900000","7,619070822000026","51,952460223000060"
121848,2019,9,7,2,3,5,2,0,1,1,0,0,0,0,1,"405972,397000000810000","5756367,039000000800000","7,631835419000026","51,950052329000073"
121978,2019,9,7,4,3,5,3,0,1,1,0,0,0,0,0,"406354,127123095100000","5750967,606537634500000","7,638857257000041","51,901583768000080"
121982,2019,9,5,4,3,5,3,2,1,1,0,0,0,0,1,"404907,914081332270000","5755229,724111625900000","7,616665904000058","51,939648694000027"
121984,2019,9,13,4,3,5,2,0,1,1,0,0,0,0,0,"407650,826999999580000","5758328,674000000600000","7,655723010000031","51,967965785000047"
122044,2019,9,8,6,3,0,3,0,1,1,0,0,0,0,1,"405501,584000000730000","5756467,506000001000000","7,624959277000073","51,950875580000059"
122218,2019,9,17,5,3,5,3,0,1,1,0,0,0,0,1,"398716,142055030910000","5753195,056609127700000","7,527222347000077","51,920268303000057"
122220,2019,9,14,5,2,5,7,0,1,1,0,0,0,0,1,"404063,097500315870000","5756227,049369163800000","7,604101728000046","51,948468005000052"
122223,2019,9,9,5,2,5,2,0,1,1,0,0,0,0,0,"405555,251000001100000","5750683,701000001300000","7,627326967000045","51,898897032000036"
122628,2019,10,20,4,3,0,4,1,1,0,1,0,0,0,0,"404655,391259823930000","5759997,136798581100000","7,611670160000074","51,982456792000050"
122630,2019,10,23,4,3,4,6,2,1,0,0,0,0,0,0,"406468,779000001030000","5756256,810000000500000","7,639085898000076","51,949145229000067"
122633,2019,10,10,4,3,6,4,0,1,0,1,0,0,0,0,"405580,505585814830000","5756829,620103130100000","7,626007809000043","51,954143825000074"
122635,2019,10,14,4,3,5,3,0,1,1,0,0,0,0,1,"403051,202345618980000","5758116,424258122200000","7,588850119000028","51,965274821000037"
122798,2019,10,21,1,3,5,7,2,1,1,0,0,0,0,1,"407019,326315358280000","5757998,351210190000000","7,646622808000075","51,964891402000035"
122841,2019,10,10,3,3,0,2,0,1,1,0,0,0,0,1,"403013,915000000040000","5758689,755000000800000","7,588145603000044","51,970421572000078"
122842,2019,10,8,3,3,3,6,0,1,0,0,0,0,0,1,"405158,728000001050000","5756934,426000002800000","7,619843095000022","51,955014095000081"
123030,2019,10,16,6,3,5,3,0,1,1,0,0,0,0,1,"403161,410000001080000","5759052,005000000800000","7,590189830000043","51,973703293000028"
123095,2019,10,7,2,3,5,3,1,1,1,0,0,0,0,1,"405473,398097587750000","5754929,448529129800000","7,624972137000043","51,937046034000048"
123097,2019,10,10,2,3,0,7,0,1,0,1,0,0,0,0,"404206,634865609930000","5759090,732811207000000","7,605390872000044","51,974232542000038"
123288,2019,10,22,5,3,0,7,2,1,0,0,0,0,0,1,"405027,289840376940000","5757609,910747701300000","7,617744228000049","51,961063193000030"
123386,2019,10,17,7,2,0,1,0,1,0,0,0,0,0,0,"407642,406629575420000","5754827,033774096500000","7,656541561000040","51,936489696000081"
123495,2019,10,7,4,3,3,6,0,1,0,0,0,0,0,0,"406954,083782397210000","5756982,815236713700000","7,645948553000039","51,955752335000057"
123608,2019,10,15,6,3,3,2,0,1,1,0,0,0,0,1,"409878,451000001280000","5761082,108000002800000","7,687416745000064","51,993081018000055"
123786,2019,10,3,5,2,0,1,2,1,0,0,0,0,0,1,"403211,292106604200000","5755255,444422813100000","7,591985361000070","51,939587336000045"
123954,2019,10,15,2,3,6,7,0,1,0,1,0,0,0,0,"406274,032805736180000","5757400,590482574000000","7,635941147000040","51,959393294000051"
124029,2019,10,17,4,3,6,1,1,1,0,1,0,0,0,1,"405235,024948409760000","5759114,177136380200000","7,620351514000049","51,974619587000063"
124032,2019,10,10,4,3,6,4,0,1,0,1,0,0,0,0,"406609,351181931790000","5757157,998848687900000","7,640885731000026","51,957269184000040"
124034,2019,10,21,4,3,4,6,2,1,0,0,0,0,0,1,"409048,106337529610000","5758599,460422186200000","7,675984797000069","51,970630167000081"
124036,2019,10,19,4,3,1,7,2,1,1,0,0,0,0,1,"405719,610148339530000","5753810,636484479500000","7,628859128000045","51,927031378000038"
124151,2019,10,23,1,3,5,3,2,1,1,0,0,0,0,1,"404073,369518542660000","5754981,207168038900000","7,604598714000076","51,937271678000059"
124369,2019,10,5,7,2,0,1,2,1,0,0,0,0,0,1,"406617,478367908860000","5757653,656010737600000","7,640869225000074","51,961725758000057"
124458,2019,10,11,6,2,6,2,0,1,0,1,0,0,0,0,"406598,911134973170000","5751221,035294141600000","7,642345431000024","51,903902822000077"
124627,2019,10,8,3,3,5,2,0,1,0,0,0,1,0,0,"405972,652820154090000","5752312,597434286000000","7,632947175000027","51,913609026000074"
124628,2019,10,2,3,3,7,2,2,1,0,0,0,0,0,0,"405610,230889315720000","5756973,465075174300000","7,626400722000028","51,955441814000039"
124721,2019,10,14,2,3,5,3,0,1,1,0,0,0,0,0,"405092,451772007160000","5759105,851800264800000","7,618278797000073","51,974520425000037"
124833,2019,10,7,1,3,0,3,0,1,1,0,0,0,0,1,"404125,007018477660000","5748865,765519291200000","7,607051562000038","51,882312332000026"
124846,2019,10,18,2,3,5,3,2,1,1,0,0,0,0,0,"405447,854729336690000","5755196,332186412100000","7,624527316000069","51,939440567000076"
124970,2019,10,12,2,3,3,7,0,1,1,0,0,0,0,0,"404643,797761144120000","5756657,297323111400000","7,612428957000077","51,952435097000034"
124982,2019,10,9,6,3,0,7,0,1,1,0,0,0,0,0,"403694,536981939340000","5759591,298144228800000","7,597797417000038","51,978643265000073"
125095,2019,10,16,2,3,5,2,0,1,1,0,0,0,0,0,"406259,276255899110000","5757409,923976937300000","7,635723904000031","51,959474700000044"
125603,2019,11,16,7,3,5,2,0,1,0,0,0,0,1,0,"405019,897000000810000","5757700,724000001300000","7,617611551000039","51,961878196000043"
125795,2019,11,10,2,3,5,3,0,1,1,0,0,0,0,1,"407027,621319204570000","5760009,587302869200000","7,646198694000077","51,982970760000057"
125930,2019,11,21,4,3,6,7,2,1,0,1,0,0,0,0,"406101,223000000230000","5757382,790000001000000","7,633431765000069","51,959204138000075"
125957,2019,11,17,6,3,5,2,2,1,1,0,0,0,0,1,"404785,940540856680000","5758300,387199968100000","7,614041241000052","51,967228180000063"
125959,2019,11,13,6,2,5,3,0,1,1,0,0,0,0,0,"405736,759180402380000","5753740,858998397400000","7,629127565000033","51,926407087000030"
125962,2019,11,10,6,3,5,2,0,1,0,0,0,0,0,1,"406160,816490875560000","5757437,455821653800000","7,634283866000033","51,959705561000078"
126109,2019,11,11,3,3,6,4,0,1,0,1,0,0,0,1,"406579,758999999610000","5751215,374000001700000","7,642068659000074","51,903848723000067"
126110,2019,11,13,3,3,5,3,0,1,1,0,0,0,0,1,"403186,337584769350000","5759055,770971091500000","7,590551554000058","51,973741486000051"
126111,2019,11,9,3,3,0,2,0,1,1,0,0,0,0,0,"403124,867191882800000","5758122,015695219900000","7,589920428000028","51,965337921000071"
126216,2019,11,16,5,3,5,2,1,1,0,0,0,0,1,0,"409097,491939974020000","5756974,709725223500000","7,677133571000070","51,956033987000069"
126303,2019,11,15,2,3,5,3,0,1,1,0,0,0,0,0,"411345,671000001020000","5752627,903000000900000","7,710961698000062","51,917324482000026"
126304,2019,11,7,2,3,5,3,0,1,1,0,0,0,0,0,"404211,457999999630000","5756332,520000001400000","7,606230315000062","51,949441583000066"
126414,2019,11,19,4,2,8,7,2,1,0,0,0,0,0,0,"410661,119305944070000","5753299,785724846600000","7,700836690000074","51,923254474000032"
126480,2019,11,19,1,3,5,2,2,1,1,0,0,0,0,0,"406039,407019293870000","5756774,218522641800000","7,632698831000027","51,953723574000037"
126789,2019,11,9,2,3,4,2,0,1,1,0,0,0,0,1,"406039,870665002610000","5756773,896252367600000","7,632705664000071","51,953720755000063"
126794,2019,11,19,6,3,5,2,2,1,0,0,0,0,0,0,"405361,463201602920000","5755808,409505019000000","7,623102488000029","51,944927506000056"
126795,2019,11,8,2,3,5,3,0,1,1,0,0,0,0,1,"403942,273813805540000","5758261,947587255400000","7,601775314000065","51,966737520000038"
126797,2019,11,20,2,3,5,2,2,1,1,0,0,0,0,1,"406960,506181269880000","5758309,681287372500000","7,645682553000029","51,967679950000047"
126801,2019,11,15,2,3,0,1,0,1,0,0,0,0,0,1,"403906,735077914780000","5758072,189587898600000","7,601311279000072","51,965025771000057"
126804,2019,11,16,2,3,5,2,2,1,1,0,0,0,0,1,"401690,307000000030000","5753655,597999999300000","7,570323659000053","51,924940847000073"
126805,2019,11,15,2,3,3,6,1,1,0,0,0,0,0,1,"405426,247886611150000","5755348,989144595300000","7,624171112000056","51,940809046000027"
127045,2019,11,17,5,2,6,7,2,1,0,1,0,0,0,0,"406755,566702099520000","5751248,998436259100000","7,644614281000031","51,904180412000073"
127225,2019,11,12,7,3,5,2,0,1,1,0,0,0,0,0,"405947,204163147140000","5756805,757978769000000","7,631348888000048","51,953991479000081"
127227,2019,11,16,7,2,0,1,0,1,0,0,0,0,0,0,"405815,810269248670000","5753414,013202751100000","7,630366288000062","51,923482614000079"
127228,2019,11,14,7,3,0,5,0,1,1,0,0,0,0,0,"405919,350097696300000","5756063,127051178400000","7,631146973000057","51,947311655000078"
127232,2019,11,17,7,3,5,7,2,1,1,0,0,0,0,0,"402698,888009386140000","5753879,217784311600000","7,584922950000021","51,927128008000068"
127234,2019,11,10,7,3,6,4,0,1,0,1,0,0,0,0,"405587,977140439670000","5756866,682964390100000","7,626106318000041","51,954478231000053"
127404,2019,11,16,4,3,5,2,1,1,0,0,0,0,1,0,"405211,724589333870000","5750119,979369552800000","7,622490648000053","51,893771680000043"
127598,2019,11,12,3,3,2,2,0,1,1,0,0,0,0,1,"404946,843935472890000","5756840,114317033400000","7,616786758000046","51,954130207000048"
127724,2019,11,7,5,3,5,2,0,1,1,0,0,0,0,0,"405362,025467283090000","5755731,569724045700000","7,623131817000058","51,944236931000034"
127798,2019,11,20,3,3,2,2,2,1,1,0,0,0,0,1,"407701,160000000150000","5758539,449000001000000","7,656398797000065","51,969868703000031"
127799,2019,11,12,3,3,5,3,0,1,1,0,0,0,0,0,"399935,726475016210000","5761104,471248781300000","7,542646659000070","51,991579578000028"
127909,2019,11,16,2,2,3,1,1,1,0,0,0,0,0,0,"405034,552117504180000","5757824,911082040500000","7,617790444000036","51,962996942000075"
127910,2019,11,8,2,3,0,2,0,1,1,0,0,0,0,0,"403052,591000000010000","5758116,297000000300000","7,588870361000033","51,965273919000026"
127911,2019,11,12,2,3,5,2,0,1,1,0,0,0,0,0,"405506,735534689390000","5751878,995674211500000","7,626294301000030","51,909632737000038"
127913,2019,11,16,2,2,5,2,1,1,1,0,0,0,0,1,"405775,058133949530000","5757998,032999105800000","7,628517561000024","51,964679036000064"
128053,2019,11,16,5,3,0,3,0,1,1,0,0,0,0,1,"408662,830188676710000","5753497,877424456200000","7,671733410000059","51,924710804000028"
128209,2019,11,18,4,3,5,2,2,1,1,0,0,0,0,1,"405517,973237213680000","5754618,323560152200000","7,625705804000063","51,934257067000033"
128210,2019,11,9,4,3,5,2,0,1,1,0,0,0,0,1,"405927,784897007980000","5756691,396687477800000","7,631097696000040","51,952960263000080"
128305,2019,12,7,2,3,1,3,1,1,1,0,0,0,0,0,"404319,133274229240000","5759038,967119470200000","7,607042589000059","51,973786635000067"
128310,2019,12,16,2,2,2,6,1,1,0,0,0,0,0,0,"402482,587206056340000","5754768,891701927400000","7,581526116000021","51,935086821000027"
128549,2019,11,9,6,3,5,2,0,1,1,0,0,0,0,0,"405449,743999999950000","5758145,273000001900000","7,623743413000057","51,965947256000049"
128692,2019,12,15,4,3,3,3,0,1,1,0,0,0,0,0,"408723,522000000810000","5761851,518000001100000","7,670395656000039","51,999808270000074"
128693,2019,12,8,4,3,5,2,0,1,1,0,0,0,0,0,"408056,057429024950000","5754360,771018970800000","7,662681482000039","51,932367143000079"
128846,2019,12,18,3,3,5,7,2,1,1,0,0,0,0,0,"408147,039149824530000","5751405,737981833500000","7,664792739000063","51,905820444000028"
129091,2019,12,10,7,3,5,3,0,1,1,0,0,0,0,1,"405578,328000000680000","5756998,951000003100000","7,625929598000028","51,955665476000036"
129092,2019,12,10,7,3,6,6,0,1,0,1,0,0,0,1,"406500,288802023050000","5757658,685966534500000","7,639162746000068","51,961751274000051"
129184,2019,12,9,6,3,1,7,2,1,1,0,0,0,0,1,"404915,907738279550000","5761189,697681220200000","7,615131736000024","51,993220594000036"
129188,2019,12,12,6,3,3,2,0,1,1,0,0,0,0,1,"405117,371744953100000","5756687,294278074100000","7,619309696000073","51,952785717000040"
129392,2019,12,7,4,3,5,2,2,1,1,0,0,0,0,1,"409844,887273781930000","5751858,098177937800000","7,689347851000036","51,910163954000041"
129395,2019,12,12,4,3,0,3,0,1,0,0,0,0,1,1,"402341,390175865960000","5760933,640999777200000","7,577720002000035","51,990472346000047"
129396,2019,12,7,4,3,5,2,2,1,1,0,0,0,0,1,"410231,967083139350000","5751950,920991407700000","7,694949350000059","51,911060834000068"
129562,2019,12,6,3,3,3,2,2,1,1,0,0,0,0,1,"408454,455824344420000","5756500,363994527600000","7,667904831000044","51,951664797000035"
129564,2019,12,10,3,3,6,5,0,1,0,1,0,0,0,0,"405563,531023228540000","5756748,316479934400000","7,625783217000048","51,953410150000082"
129565,2019,12,7,3,3,0,1,2,1,0,0,0,0,0,1,"404516,865921602580000","5758342,280393797900000","7,610114119000059","51,967558576000044"