objectid,ujahr,umonat,ustunde,uwochentag,ukategorie,uart,utyp1,ulichtverh,istrad,istpkw,istfuss,istkrad,istgkfz,istsonstig,ustrzustand,linrefx,linrefy,xgcswgs84,ygcswgs84
243566,2019,6,16,6,3,0,1,0,1,0,0,0,0,0,0,"406202,341600667690000","5756168,818685375200000","7,635234333000028","51,948309454000082"
243568,2019,6,16,6,3,0,5,0,1,1,0,0,0,0,0,"405793,651568402540000","5757842,185594040900000","7,628830864000065","51,963281362000032"
243610,2019,7,7,4,3,0,3,0,1,1,0,0,0,0,0,"404529,107940476390000","5757587,237072832900000","7,610502169000029","51,960774072000049"
243611,2019,7,16,4,3,5,3,0,1,1,0,0,0,0,0,"406285,688313233670000","5759690,601352101200000","7,635485599000049","51,979978917000039"
243612,2019,7,13,4,3,4,6,0,1,0,0,0,0,0,0,"406128,618999999950000","5758081,206000000200000","7,633639462000076","51,965486447000046"
243716,2019,7,8,3,3,0,7,0,1,1,0,0,0,0,0,"404494,629355890680000","5756113,409515222500000","7,610410164000030","51,947520827000062"
243717,2019,7,16,3,3,5,3,0,1,1,0,0,0,0,0,"401790,049000000580000","5759253,558000002100000","7,570174073000032","51,975274237000065"
243820,2019,7,16,2,3,4,2,0,1,1,0,0,0,0,0,"404578,761855727060000","5757176,526007223900000","7,611338696000075","51,957090970000081"
243821,2019,7,11,2,2,5,3,0,1,0,0,0,0,1,0,"405938,438360046600000","5757038,911585638300000","7,631157541000050","51,956085689000076"
243822,2019,7,18,2,3,6,1,0,1,1,1,0,0,0,0,"405833,750000000930000","5756293,170000001800000","7,629838873000040","51,949364904000049"
243921,2019,7,21,6,3,0,1,1,1,0,0,0,0,0,0,"405075,237027623690000","5755784,553364377500000","7,618946071000039","51,944664311000054"
243923,2019,7,12,6,2,3,6,0,1,0,0,0,0,0,0,"406152,247000000440000","5757433,612000001600000","7,634160236000071","51,959669565000070"
244017,2019,7,23,5,3,0,7,2,1,0,0,0,0,0,0,"406834,713834810070000","5757696,896565256600000","7,644018279000022","51,962150870000073"
244018,2019,7,19,5,3,3,2,0,1,1,0,0,0,0,0,"406289,247936547730000","5751883,050881063600000","7,637665566000067","51,909801386000026"
244019,2019,7,17,5,3,5,3,0,1,1,0,0,0,0,0,"406625,136806610040000","5757650,763257589200000","7,640981442000054","51,961701042000072"
244082,2019,7,17,7,3,0,7,0,1,0,0,0,0,0,1,"405884,238422472960000","5758351,754470406100000","7,630009280000024","51,967876934000060"
244086,2019,7,9,7,3,5,3,0,1,1,0,0,0,0,0,"403676,375656414780000","5761116,030731502900000","7,597104873000035","51,992344847000027"
244152,2019,7,9,3,3,5,3,0,1,1,0,0,0,0,0,"404555,250925108790000","5754268,109330156800000","7,611804042000074","51,930944918000080"
244322,2019,7,20,1,3,6,7,1,1,0,1,0,0,0,0,"406486,292834926400000","5759180,829408895200000","7,638544506000073","51,975430656000071"
244323,2019,7,14,1,3,0,7,0,1,0,0,0,0,0,1,"406112,864000000060000","5757493,589000003400000","7,633570847000044","51,960202017000029"
244375,2019,7,11,7,2,5,3,0,1,0,0,0,0,0,0,"406626,062375670300000","5757617,368203533800000","7,641003987000033","51,961401027000079"
244429,2019,7,16,6,3,0,3,0,1,1,0,0,0,0,1,"405600,586317708720000","5757439,477444315300000","7,626132362000021","51,959628899000052"
244430,2019,7,10,6,3,5,3,0,1,1,0,0,0,0,1,"404887,599999998700000","5755715,978000002000000","7,616235983000024","51,944015878000073"
244432,2019,7,6,6,3,5,3,1,1,1,0,0,0,0,0,"403803,285663848740000","5761689,326029973100000","7,598791763000065","51,997519780000061"
244494,2019,7,9,1,3,0,1,0,1,0,0,0,0,0,1,"404952,064372570250000","5757006,181484671300000","7,616816763000031","51,955623778000074"
244512,2019,7,8,5,3,0,3,0,1,1,0,0,0,0,1,"405301,023007165640000","5756031,923617135700000","7,622161846000040","51,946926264000069"
244588,2019,7,11,4,3,5,3,0,1,1,0,0,0,0,0,"405162,398951934650000","5753171,781269796200000","7,620934027000033","51,921194396000033"
244629,2019,7,17,5,3,5,3,0,1,1,0,0,0,0,0,"408009,215250537730000","5751384,445432363100000","7,662795555000059","51,905606311000042"
244630,2019,7,13,5,3,1,7,0,1,1,0,0,0,0,0,"406076,040803713720000","5756638,086418373500000","7,633268965000070","51,952506143000051"
244631,2019,7,10,5,3,4,2,0,1,1,0,0,0,0,0,"409492,717248189260000","5758365,657533513400000","7,682516922000048","51,968601180000064"
244715,2019,7,13,4,2,5,2,0,1,1,0,0,0,0,0,"406997,283657258380000","5755907,069729274100000","7,646868139000048","51,946090198000036"
244834,2019,7,18,2,3,5,3,0,1,1,0,0,0,0,0,"406680,014478284870000","5754911,452068870900000","7,642523665000056","51,937087933000043"
244835,2019,7,14,2,3,5,3,0,1,1,0,0,0,0,0,"399602,391685309820000","5755088,542522169600000","7,539552414000070","51,937447736000081"
244836,2019,7,12,2,3,0,5,0,1,1,0,0,0,0,0,"403719,295576447620000","5754025,079226540400000","7,599717398000053","51,928616492000060"
245041,2019,7,13,7,3,0,3,0,1,1,0,0,0,0,1,"405878,526598888450000","5758306,812089465600000","7,629938482000057","51,967472005000047"
245159,2019,7,15,6,3,5,3,0,1,1,0,0,0,0,0,"405444,825299611320000","5751946,332257418000000","7,625376072000051","51,910227486000053"
245160,2019,7,10,6,3,5,3,0,1,1,0,0,0,0,0,"404756,597417989750000","5757293,033084390700000","7,613893610000048","51,958168669000031"
245318,2019,7,17,4,3,0,7,0,1,0,0,0,0,0,0,"407149,027829661970000","5756589,671384027200000","7,648890859000062","51,952251135000040"
245319,2019,7,15,4,3,5,3,0,1,0,0,0,0,0,0,"405264,510912179950000","5757071,073187757300000","7,621344318000070","51,956260368000073"
245432,2019,7,19,4,2,5,3,0,1,1,0,0,0,0,1,"407710,703044376340000","5761136,965901674700000","7,655838904000063","51,993218099000046"
245439,2019,7,16,4,2,5,7,0,1,1,0,0,0,1,0,"406492,504428798330000","5757364,209548480800000","7,639129649000040","51,959103069000037"
245504,2019,7,15,3,3,5,3,0,1,1,0,0,0,0,0,"407019,617000001480000","5757996,375000001900000","7,646627572000057","51,964873688000068"
245505,2019,7,23,3,3,0,6,2,1,0,1,0,0,0,0,"406147,631000000050000","5757030,432000000000000","7,634203223000043","51,956044816000031"
245506,2019,7,14,3,3,0,7,0,1,0,0,0,0,0,0,"404756,987201104870000","5757292,445348117500000","7,613899444000026","51,958163453000054"
245507,2019,7,14,3,3,0,1,0,1,1,0,0,0,0,0,"405253,685567147100000","5757277,629029903600000","7,621129864000068","51,958115134000082"
245559,2019,7,16,2,3,1,6,0,1,1,0,0,0,0,0,"405156,011317422610000","5757192,517854308700000","7,619732326000076","51,957333468000058"
245560,2019,7,20,2,3,0,1,0,1,0,0,0,0,0,0,"405885,088998821560000","5758355,051898812900000","7,630020753000053","51,967906717000062"
245561,2019,7,16,2,3,5,2,0,1,1,0,0,0,0,0,"402881,614646640610000","5756350,323235625400000","7,586881736000066","51,949370998000063"
245734,2019,8,22,7,3,3,1,2,1,0,0,0,0,0,0,"404926,238563684750000","5759823,143654320400000","7,615660989000048","51,980939296000031"
245735,2019,8,17,7,3,3,6,0,1,0,0,0,0,0,0,"407787,617592901920000","5751419,797229418500000","7,659565838000049","51,905887440000072"
245736,2019,8,19,7,3,2,1,0,1,0,0,0,0,0,0,"404582,820356111040000","5758834,632248770400000","7,610937025000055","51,971995337000067"
245794,2019,8,15,6,3,7,5,0,1,1,0,0,0,0,0,"405204,060633923860000","5753534,672993194300000","7,621439722000048","51,924463333000062"
245866,2019,8,16,5,3,6,4,0,1,0,1,0,0,0,0,"405622,955427633600000","5757094,023234589000000","7,626552721000053","51,956527603000040"
245867,2019,8,7,5,3,5,3,0,1,1,0,0,0,0,0,"407450,621714680460000","5758328,331684520500000","7,652809692000062","51,967929410000067"
245957,2019,8,19,5,3,4,6,0,1,0,0,0,0,0,0,"406609,356584896330000","5759681,744031120100000","7,640199300000063","51,979953802000068"
246090,2019,8,16,3,3,3,6,0,1,0,0,0,0,0,0,"406362,589759394530000","5757343,574011487900000","7,637245126000039","51,958895724000058"
246092,2019,8,18,3,3,1,1,0,1,1,0,0,0,0,0,"407380,883976236920000","5760895,036701714600000","7,651101997000069","51,990988615000049"
246094,2019,8,8,3,3,3,2,0,1,0,0,0,0,0,1,"406565,316375379450000","5758334,498546006200000","7,639925018000042","51,967836732000080"
246187,2019,8,13,3,3,1,6,0,1,0,0,0,1,0,0,"405269,566804376430000","5758836,076545298100000","7,620930994000048","51,972125799000082"
246343,2019,8,19,7,3,0,7,0,1,0,0,0,0,0,0,"406986,799995218400000","5754946,830095632000000","7,646975397000063","51,937457294000069"
246403,2019,8,19,6,3,1,1,0,1,1,0,0,0,0,0,"402052,354151618670000","5753019,594558427100000","7,575767954000071","51,919288075000054"
246404,2019,8,16,6,3,5,5,0,1,1,0,0,0,0,0,"406263,405884018170000","5751993,163393368900000","7,637260036000043","51,910786790000031"
246406,2019,8,20,6,2,5,3,0,1,0,0,0,0,0,1,"406113,489298013970000","5757492,658656243200000","7,633580199000051","51,960193760000038"
246570,2019,8,11,5,2,8,1,0,1,0,0,0,0,0,0,"400518,361156403090000","5756313,913224251900000","7,552517540000054","51,948626089000072"
246642,2019,8,10,4,3,5,3,0,1,0,0,0,0,0,0,"403741,242193545210000","5755467,216614913200000","7,599632932000077","51,941582754000081"
246715,2019,8,15,5,3,6,4,0,1,0,1,0,0,0,0,"403536,499949340710000","5762052,810101321000000","7,594804696000040","52,000740583000038"
246874,2019,8,17,3,3,2,2,0,1,0,0,0,0,0,0,"405902,829519827850000","5757238,719814017400000","7,630584773000066","51,957875631000036"
246875,2019,8,16,3,3,0,1,0,1,0,0,0,0,0,0,"403495,367562281900000","5759207,580088499900000","7,595006373000047","51,975159740000038"
246876,2019,8,17,3,2,6,4,0,1,0,1,0,0,0,1,"398354,984080891120000","5753625,763187388000000","7,521845430000042","51,924073718000045"
246962,2019,8,15,2,3,3,2,0,1,0,0,0,0,0,0,"406112,864000000060000","5757493,589000003400000","7,633570847000044","51,960202017000029"
246963,2019,8,22,2,3,9,7,2,1,0,1,0,0,0,0,"401218,984819910490000","5758540,942467773300000","7,562067919000072","51,968767913000079"
247182,2019,8,20,6,3,5,7,1,1,1,0,0,0,0,0,"405210,361912852150000","5757221,633220521700000","7,620515011000066","51,957604437000043"
247183,2019,8,9,6,3,5,2,0,1,1,0,0,0,0,0,"405164,439089749940000","5756901,175906611600000","7,619935355000052","51,954716203000032"
247225,2019,8,7,2,3,5,2,0,1,1,0,0,0,0,0,"409076,370806810450000","5752864,299980823000000","7,677912910000032","51,919083473000057"
247362,2019,8,16,4,3,3,6,0,1,0,0,0,0,1,0,"401555,745720622130000","5758914,799599710900000","7,566861198000026","51,972187957000074"
247364,2019,8,0,4,3,5,7,2,1,1,0,0,0,0,1,"405572,788563166750000","5755964,362370241400000","7,626133271000072","51,946365192000030"
247365,2019,8,16,4,3,1,5,0,1,1,0,0,0,0,0,"407157,448180687610000","5758049,197175862300000","7,648618884000030","51,965371517000051"
247441,2019,8,12,3,3,5,2,0,1,1,0,0,0,0,0,"405208,894000000320000","5757219,747000003200000","7,620494175000033","51,957587232000037"
247633,2019,8,18,7,3,6,4,0,1,1,1,0,0,0,0,"406605,544505884870000","5757160,925128061300000","7,640829554000050","51,957294847000071"
247634,2019,8,5,7,3,4,2,1,1,0,0,0,0,0,0,"404331,837999999520000","5756212,126000003900000","7,608014853000043","51,948380154000063"
247725,2019,9,10,2,3,5,6,0,1,0,0,0,0,0,0,"406331,782999999820000","5757755,482000000800000","7,636684587000048","51,962592958000073"
247738,2019,9,15,2,3,5,3,0,1,1,0,0,0,0,0,"404773,779545411470000","5759766,102466477100000","7,613457616000062","51,980400479000082"
247803,2019,9,7,5,2,3,2,0,1,0,0,0,0,0,0,"404929,067377641800000","5758084,687903273900000","7,616183694000029","51,965313889000072"
247874,2019,9,9,4,2,5,3,0,1,1,0,0,0,0,0,"403731,569873829370000","5761797,676032837500000","7,597717051000075","51,998481229000049"
248169,2019,9,0,7,3,0,1,2,1,0,0,0,0,0,0,"405702,332999999630000","5757900,534000000000000","7,627486117000046","51,963790341000049"
248248,2019,9,14,6,3,0,5,0,1,0,0,0,1,0,0,"405954,697183314710000","5757762,931975700000000","7,631195855000044","51,962596262000034"
248249,2019,9,10,6,2,3,6,0,1,1,0,0,0,0,0,"402146,711947721430000","5758466,863399466500000","7,575589207000064","51,968266172000028"
248327,2019,9,15,5,3,6,4,0,1,0,1,0,0,0,0,"405466,695968887770000","5757550,089476482900000","7,624153917000058","51,960600379000027"
248423,2019,9,19,4,3,0,5,1,1,0,0,0,0,1,1,"407647,214484248310000","5755381,514449913100000","7,656462579000049","51,941474487000050"
248425,2019,9,15,4,3,2,2,0,1,0,0,0,0,1,0,"405620,842922703360000","5757058,862431617500000","7,626531646000046","51,956211204000056"
248482,2019,9,12,6,3,2,6,0,1,1,0,0,0,0,0,"404865,010046359150000","5754412,476958392200000","7,616267992000076","51,932295590000081"
248510,2019,9,15,3,3,5,2,0,1,1,0,0,0,0,0,"407071,815041758120000","5758349,409738559300000","7,647291565000046","51,968055669000080"
248528,2019,9,7,3,3,5,3,0,1,1,0,0,0,0,0,"406409,190364121460000","5756529,895987397100000","7,638144760000046","51,951589837000029"
248529,2019,9,13,3,3,8,7,0,1,0,0,0,0,0,1,"410634,435000001450000","5760696,883000001300000","7,698524662000068","51,989740532000042"
248530,2019,9,15,3,3,4,7,0,1,0,0,0,0,0,0,"405904,056153533980000","5760101,440464038400000","7,629817924000065","51,983607208000080"
248781,2019,9,15,6,3,0,3,0,1,1,0,0,0,0,0,"401302,271857823250000","5758734,863962164100000","7,563224146000039","51,970525709000071"
248782,2019,9,7,6,3,3,6,0,1,0,0,0,0,1,0,"405253,900564612820000","5757277,914958359700000","7,621132913000054","51,958117741000081"
248884,2019,9,19,5,3,2,6,0,1,1,0,0,0,0,0,"405620,803639200520000","5757058,201713722200000","7,626531256000021","51,956205258000068"
249042,2019,9,12,3,3,5,7,0,1,1,0,0,0,0,0,"404543,218788222410000","5759313,303615106300000","7,610227566000049","51,976291003000028"
249093,2019,9,16,2,3,0,2,0,1,0,0,0,0,0,0,"406210,307320639490000","5757436,308135060600000","7,635004238000022","51,959703595000065"
249233,2019,9,19,7,3,5,3,1,1,1,0,0,0,0,0,"403011,313718083310000","5758689,857926718900000","7,588107719000050","51,970422043000042"
249389,2019,9,19,5,3,0,7,0,1,1,0,0,0,0,0,"407103,263178099880000","5758416,130252815800000","7,647731149000038","51,968660643000078"
249390,2019,9,7,5,2,0,7,1,1,0,0,0,0,0,1,"407088,145628007130000","5758391,460129590700000","7,647517830000027","51,968436369000074"
249481,2019,9,18,6,3,0,1,1,1,0,0,0,0,0,0,"399225,352986459620000","5756498,165930045800000","7,533656545000042","51,950049417000059"
249484,2019,9,15,4,3,5,3,0,1,1,0,0,0,0,0,"405050,047683762390000","5758360,130532901700000","7,617867915000034","51,967810352000072"
249485,2019,9,8,6,3,0,3,0,1,1,0,0,0,0,0,"408831,086842614230000","5755968,713690251100000","7,673524685000075","51,946947858000044"
249494,2019,9,16,6,3,0,5,0,1,1,0,0,0,0,0,"405119,137601585130000","5758131,192463327200000","7,618936565000070","51,965764364000052"
249618,2019,10,17,3,3,5,3,0,1,1,0,0,0,0,1,"401220,869148833680000","5758559,638018995500000","7,562089961000027","51,968936287000076"
249705,2019,9,16,2,3,2,7,0,1,0,0,0,0,0,1,"404246,802526764570000","5758440,522966969800000","7,606156839000050","51,968395158000078"
249801,2019,9,15,7,2,5,2,0,1,1,0,0,0,0,0,"405102,611481679600000","5757684,229910802100000","7,618819599000062","51,961744065000062"
249876,2019,10,1,1,3,0,1,2,1,0,0,0,0,0,0,"406095,607554780320000","5757509,472507458200000","7,633315433000064","51,960341871000026"
249910,2019,10,16,7,3,1,7,0,1,1,0,0,0,0,0,"403816,323902715000000","5754367,614325098700000","7,601032351000072","51,931712104000042"
249911,2019,10,0,7,3,6,6,2,1,0,1,0,0,0,1,"406358,785648089830000","5756962,676705423700000","7,637293600000021","51,955471396000064"
249915,2019,10,11,2,3,5,3,0,1,0,0,0,0,0,0,"405657,454624214210000","5755114,684842484100000","7,627597868000066","51,938742261000073"
250043,2019,10,21,5,3,1,7,2,1,1,0,0,0,0,0,"404255,312943981960000","5748982,779522137700000","7,608911677000037","51,883386502000064"
250083,2019,10,15,4,3,5,2,0,1,0,0,0,0,0,1,"405699,282058048990000","5757616,283359833100000","7,627519772000028","51,961234856000033"
250155,2019,10,15,5,3,5,2,0,1,1,0,0,0,0,0,"407171,914963285440000","5757929,435931155500000","7,648861768000074","51,964297457000043"
250283,2019,10,7,3,3,5,3,1,1,1,0,0,0,0,1,"411318,179999998770000","5760959,980000002300000","7,708411588000047","51,992215022000039"
250369,2019,10,9,3,2,5,3,0,1,1,0,0,0,0,0,"408665,026000000540000","5755637,187000002700000","7,671197339000059","51,943940648000080"
250371,2019,10,16,3,3,5,3,0,1,1,0,0,0,0,0,"406679,315438378600000","5754912,294806171200000","7,642513271000041","51,937095391000071"
250372,2019,10,17,3,3,5,2,0,1,1,0,0,0,0,1,"403899,479496651330000","5761557,563833326100000","7,600229420000062","51,996352121000029"
250442,2019,10,16,2,3,5,3,0,1,1,0,0,0,0,0,"401890,595999999900000","5759504,846000000800000","7,571565591000024","51,977550624000060"
250538,2019,10,14,7,3,3,2,0,1,0,0,0,0,1,0,"405435,483812553810000","5758991,283741725600000","7,623302869000042","51,973549120000030"
250539,2019,10,14,7,3,0,1,0,1,0,0,0,0,0,0,"405816,836681305430000","5757862,287090187900000","7,629162705000056","51,963465972000051"
250663,2019,10,16,6,3,5,2,0,1,1,0,0,0,0,0,"404584,779792467130000","5760140,062782058500000","7,610602546000052","51,983729337000057"
250736,2019,10,8,5,3,1,5,0,1,1,0,0,0,0,1,"403115,172373957930000","5757654,491397799900000","7,589911252000036","51,961133987000039"
250737,2019,10,18,5,3,0,7,2,1,1,0,0,0,0,1,"399280,688587646930000","5756773,120581910000000","7,534380852000027","51,952530757000034"
250792,2019,10,15,4,3,0,1,0,1,0,0,0,0,0,1,"404934,470000000670000","5757591,280000003100000","7,616398887000059","51,960879870000042"
250890,2019,10,17,5,2,5,3,0,1,1,0,0,0,0,0,"410233,660424686970000","5751958,421147938800000","7,694972007000047","51,911128524000048"
251007,2019,10,6,3,2,4,7,2,1,0,0,1,0,0,0,"406449,703967734240000","5761182,982562100500000","7,637465916000053","51,993420728000046"
251055,2019,10,9,2,3,0,7,0,1,1,0,0,0,0,1,"407077,532923713330000","5758686,879546651600000","7,647283429000026","51,971089972000073"
251203,2019,10,8,2,3,5,2,0,1,0,0,0,0,0,1,"402418,686801913190000","5757833,440547490500000","7,579726920000041","51,962620624000067"
251205,2019,10,13,2,3,5,2,0,1,1,0,0,0,0,0,"406042,139254949990000","5756997,434562666300000","7,632677539000042","51,955730405000054"
251206,2019,10,15,2,2,0,2,1,1,0,0,0,0,0,1,"405078,488266986790000","5757450,976379558400000","7,618533069000023","51,959643370000038"
251289,2019,10,16,7,3,5,2,0,1,1,0,0,0,0,0,"399494,060430880640000","5756209,130015121800000","7,537649568000063","51,947500151000042"
251291,2019,10,12,7,2,6,3,0,1,0,1,0,0,0,0,"405774,582379494790000","5758003,433896718500000","7,628509156000064","51,964727501000027"
251355,2019,10,10,6,3,0,5,0,1,0,0,0,0,0,0,"404538,055315892210000","5757709,027058742900000","7,610598499000048","51,961870302000079"
251356,2019,10,18,6,3,5,2,2,1,1,0,0,0,0,0,"404519,041824246760000","5758373,420731753100000","7,610137123000072","51,967838850000078"
251357,2019,10,14,6,3,6,4,0,1,0,1,0,0,0,0,"405362,214764039030000","5753840,932516798400000","7,623654733000024","51,927243047000047"
251378,2019,11,0,1,3,4,6,2,1,1,0,0,0,0,0,"405842,321628954260000","5758708,335878849000000","7,629301510000062","51,971074942000030"
251401,2019,11,15,7,3,5,3,0,1,1,0,0,0,0,1,"401283,006998995320000","5758727,431133372700000","7,562945934000027","51,970455480000055"
251402,2019,11,11,7,3,4,6,0,1,0,0,0,0,0,1,"406254,928330577910000","5755496,704368734700000","7,636182515000030","51,942277024000077"
251403,2019,11,23,7,3,0,7,2,1,1,0,0,0,0,0,"407215,913938854820000","5760857,784480696500000","7,648710188000052","51,990626239000051"
251488,2019,10,16,5,2,5,3,1,1,1,0,0,0,0,0,"409487,415867414330000","5753928,092068757900000","7,683608329000037","51,928712550000057"
251489,2019,10,9,5,3,2,6,0,1,0,0,0,0,0,0,"405198,424000000580000","5757571,373000001500000","7,620244811000021","51,960746007000068"
251641,2019,11,7,4,3,6,7,1,1,0,1,0,0,0,0,"406169,362000001590000","5758565,862999999900000","7,634099871000046","51,969849641000053"
251732,2019,11,21,3,3,0,7,2,1,1,0,0,0,0,1,"406383,134999999780000","5756334,045000001800000","7,637819089000061","51,949825047000047"
251733,2019,11,14,3,3,5,2,0,1,1,0,0,0,0,1,"407987,545293563980000","5754727,424979798500000","7,661587203000067","51,935651528000051"
251980,2019,11,21,7,3,0,7,2,1,0,1,0,0,0,1,"404064,549738546830000","5760851,763043060900000","7,602830514000061","51,990036720000035"
252133,2019,11,8,5,3,0,7,0,1,0,0,0,0,0,1,"405164,399758802730000","5757563,797373993300000","7,619751864000023","51,960672112000054"
252134,2019,11,15,5,3,5,3,0,1,1,0,0,0,0,1,"404434,768443322740000","5760668,406225372100000","7,608271622000075","51,988452474000042"
252175,2019,11,10,5,3,5,2,0,1,1,0,0,0,0,0,"405271,750100781210000","5756337,866135094300000","7,621651754000027","51,949671224000042"
252176,2019,11,8,5,3,0,1,0,1,0,0,0,0,0,1,"409447,420736758970000","5753836,568290744000000","7,683050900000069","51,927883366000060"
252177,2019,11,6,5,3,5,3,2,1,1,0,0,0,0,1,"401574,738195585090000","5757089,968173967700000","7,567660601000057","51,955789370000048"
252239,2019,11,10,4,3,1,5,0,1,1,0,0,0,0,0,"407124,115783646700000","5756614,785076832400000","7,648521676000030","51,952472711000041"
252241,2019,11,15,4,3,5,3,0,1,0,0,0,0,1,0,"403702,073260876350000","5758767,802553704000000","7,598138174000042","51,971242743000062"
252242,2019,11,10,4,3,1,5,0,1,0,0,0,0,0,0,"406297,815040436570000","5757013,529846215600000","7,636392733000037","51,955918218000079"
252243,2019,11,16,4,3,5,2,2,1,1,0,0,0,0,1,"408450,762050102460000","5761552,802226588100000","7,666503377000026","51,997078348000059"
252331,2019,11,8,3,3,0,5,0,1,1,0,0,0,0,1,"407367,885204989460000","5757963,721685750400000","7,651704065000047","51,964638324000077"
252416,2019,11,14,2,3,0,1,0,1,1,0,0,0,0,0,"405850,962734885510000","5754513,140707502100000","7,630576611000038","51,933368065000082"
252417,2019,11,15,2,2,4,3,0,1,1,0,0,0,0,0,"406564,702991487460000","5758332,879670366600000","7,639916533000076","51,967822077000051"
252428,2019,11,13,3,3,5,2,0,1,1,0,0,0,0,1,"406632,373237539080000","5758745,774784941200000","7,640788974000031","51,971544745000074"
252484,2019,11,13,2,3,5,3,1,1,1,0,0,0,0,1,"406667,473659869280000","5751451,010191382800000","7,643279448000044","51,905981460000078"
252485,2019,11,18,2,3,4,2,2,1,1,0,0,0,0,1,"405462,046177306210000","5757552,143408309700000","7,624085700000023","51,960618050000051"
252486,2019,11,7,2,3,1,1,0,1,1,0,0,0,0,1,"406008,615538930520000","5758702,581717506100000","7,631723159000046","51,971051369000065"
252487,2019,11,18,2,3,1,7,2,1,1,0,0,0,0,1,"405398,439289514910000","5758850,418631849800000","7,622802558000046","51,972276663000059"
252488,2019,11,15,2,3,0,7,0,1,0,0,0,0,0,1,"405423,445251231080000","5757987,541138455300000","7,623404175000076","51,964525023000078"
252489,2019,11,9,2,2,0,7,0,1,0,0,0,0,0,1,"404933,433228391220000","5755139,408521767700000","7,617061988000046","51,938841259000071"
252490,2019,11,17,2,3,5,2,2,1,0,0,0,0,1,1,"402577,547306172550000","5749990,242421491100000","7,584258606000049","51,892151322000075"
252491,2019,11,16,2,3,5,2,2,1,1,0,0,0,0,1,"406098,045917963610000","5757052,944859139600000","7,633475699000030","51,956238801000040"
252612,2019,11,1,7,3,1,7,2,1,1,0,0,0,0,1,"405841,653926994650000","5756276,939766548600000","7,629958290000047","51,949220357000058"
252651,2019,11,14,6,3,8,7,0,1,1,0,0,0,0,0,"406667,273935714740000","5756964,837820576500000","7,641780899000025","51,955542682000043"
252783,2019,11,8,5,3,5,2,1,1,1,0,0,0,0,0,"403049,831267337310000","5758116,678620005000000","7,588830097000027","51,965276868000046"
252785,2019,11,12,5,3,5,2,0,1,1,0,0,0,0,0,"405463,080840232780000","5756887,316398188500000","7,624283702000071","51,954642476000060"
252852,2019,11,12,4,3,4,3,0,1,1,0,0,0,0,0,"406110,632675119680000","5757944,887268615900000","7,633415011000068","51,964258115000064"
252853,2019,11,19,4,3,5,3,2,1,0,0,0,0,0,1,"405489,101999999960000","5757139,439999999500000","7,624592895000035","51,956913095000061"
252900,2019,11,12,7,2,0,7,0,1,1,0,0,0,0,0,"404089,457518813200000","5761379,215164938900000","7,603045593000047","51,994781917000068"
252963,2019,11,7,4,3,5,7,1,1,1,0,0,0,0,1,"407013,594639796760000","5753951,963164929300000","7,647633946000042","51,928519357000027"
252966,2019,11,7,4,3,5,3,2,1,1,0,0,0,0,1,"405905,018981361760000","5758253,549554325600000","7,630338591000054","51,966997744000082"
252967,2019,11,9,4,3,1,5,0,1,1,0,0,0,0,1,"405586,866074410270000","5757372,740139203100000","7,625951086000043","51,959026706000031"
253201,2019,12,9,1,2,0,7,0,1,0,0,0,0,0,2,"398118,764083487910000","5753824,406872322800000","7,518352685000025","51,925815962000058"
253235,2019,11,16,7,3,0,7,0,1,0,0,0,0,0,1,"404324,721682528030000","5754208,327035533300000","7,608468800000026","51,930367991000026"
253236,2019,11,15,7,3,0,6,0,1,1,0,0,0,0,0,"407385,039097802710000","5751283,521512018500000","7,653752173000044","51,904595726000082"
253375,2019,11,11,5,3,3,6,0,1,0,0,0,0,0,1,"405965,748205150480000","5757167,782838881000000","7,631519575000027","51,957248661000051"
253481,2019,12,8,4,3,0,2,0,1,1,0,0,0,0,1,"406646,116246477700000","5754526,450441557900000","7,642135200000041","51,933621648000042"
253482,2019,12,9,4,3,5,2,0,1,1,0,0,0,0,1,"405207,520999999720000","5757578,170000003700000","7,620375293000052","51,960808652000026"
253596,2019,12,8,3,3,0,1,0,1,0,0,0,0,0,1,"403761,435999999750000","5758953,497000001400000","7,598950008000031","51,972922105000066"
253658,2019,12,15,2,3,5,3,0,1,1,0,0,0,0,0,"399075,885976101270000","5756001,933256963300000","7,531628160000025","51,945562136000035"
253760,2019,12,9,7,3,1,5,0,1,1,0,0,0,0,1,"404516,723533530720000","5760138,256260095200000","7,609612357000060","51,983701406000080"