objectid,ujahr,umonat,ustunde,uwochentag,ukategorie,uart,utyp1,ulichtverh,istrad,istpkw,istfuss,istkrad,istgkfz,istsonstig,ustrzustand,linrefx,linrefy,xgcswgs84,ygcswgs84
207489,2020,5,13,3,3,0,6,0,1,1,0,0,0,0,0,"405192,524500000290000","5759645,565899999800000","7,619586147000064","51,979388663000066"
207491,2020,5,14,3,3,5,7,0,1,0,0,1,0,0,0,"411482,326000000350000","5761478,928999999500000","7,710667602000058","51,996905880000043"
207496,2020,5,17,3,3,0,2,0,1,1,0,0,0,0,0,"406042,438500000160000","5756997,988500000900000","7,632681741000056","51,955735435000065"
207505,2020,5,14,4,3,0,7,0,1,0,1,0,0,0,0,"406195,050300000240000","5757031,426500000100000","7,634892814000068","51,956061756000054"
207603,2020,5,13,2,3,5,3,0,1,1,0,0,0,0,0,"404397,351300000210000","5759053,811599999700000","7,608176818000061","51,973933524000074"
207612,2020,5,11,2,3,3,6,0,1,1,0,0,0,0,0,"403795,336600000040000","5757413,120999999300000","7,599874948000036","51,959082578000050"
207835,2020,5,11,7,3,0,6,0,1,0,0,0,0,0,0,"404889,768000000160000","5757235,598899999600000","7,615846972000043","51,957675222000034"
207919,2020,5,17,5,3,5,2,0,1,1,0,0,0,0,0,"404403,814899999650000","5755372,511800000400000","7,609295252000038","51,940845747000026"
207922,2020,5,17,5,3,0,1,0,1,1,0,0,0,0,0,"405115,634100000370000","5755200,295199999600000","7,619694843000048","51,939419635000036"
207936,2020,5,2,1,3,3,6,2,1,0,0,0,0,0,0,"403027,151999999770000","5758700,009400000800000","7,588335338000036","51,970516051000061"
208136,2020,6,13,5,3,0,3,0,1,1,0,0,0,0,1,"399109,804899999870000","5757238,116800000900000","7,531758584000045","51,956679204000068"
208198,2020,6,11,2,3,5,2,0,1,1,0,0,0,0,0,"403795,305200000290000","5761083,619100000700000","7,598845544000028","51,992074136000042"
208245,2020,6,18,5,3,0,3,0,1,1,0,0,0,0,1,"408585,363800000400000","5753207,117799999200000","7,670684402000063","51,922084551000069"
208323,2020,6,18,1,3,1,1,0,1,1,0,0,0,0,0,"405644,282499999740000","5756079,591700000700000","7,627141520000066","51,947413057000063"
208324,2020,6,14,1,2,0,1,0,1,0,0,0,0,0,0,"408592,908400000070000","5756839,352199999600000","7,669828719000066","51,954734600000052"
208358,2020,6,15,2,2,1,1,0,1,1,0,0,0,0,1,"405387,783999999990000","5759291,460000000900000","7,622525907000068","51,976239104000058"
208384,2020,6,13,7,3,0,1,0,1,0,0,0,0,0,1,"405425,104700000030000","5758253,704900000200000","7,623355014000026","51,966917695000063"
208385,2020,6,19,7,3,1,6,0,1,1,0,0,0,0,0,"410054,630400000140000","5753325,186400000000000","7,692012984000030","51,923385141000040"
208564,2020,6,8,4,3,0,2,0,1,1,0,0,0,0,1,"405436,608000000010000","5751217,391000000800000","7,625456706000023","51,903673994000030"
208566,2020,6,7,4,3,0,1,0,1,0,0,0,0,0,0,"406630,091099999850000","5758636,357300000300000","7,640785523000034","51,970560866000028"
208752,2020,6,14,6,3,0,2,0,1,1,0,0,0,0,0,"405967,692300000230000","5757182,086799999700000","7,631543944000043","51,957377561000044"
208796,2020,6,12,7,3,9,1,0,1,1,0,0,0,0,0,"404192,587799999860000","5761636,396400000900000","7,604475339000032","51,997111341000050"
208803,2020,6,19,6,3,0,4,0,1,0,1,0,0,0,0,"406135,716000000010000","5757123,527000000700000","7,634004448000042","51,956879586000071"
208903,2020,6,16,3,3,5,7,0,1,1,0,0,0,0,0,"406904,562400000170000","5761551,865199999900000","7,643988612000044","51,996812847000058"
208944,2020,6,9,4,3,0,3,0,1,0,0,0,0,1,1,"404738,126899999570000","5755653,516899999200000","7,614079333000063","51,943428877000031"
208979,2020,6,14,4,3,0,3,0,1,1,0,0,0,0,0,"406980,557699999770000","5757042,762199999800000","7,646317468000063","51,956295598000054"
208997,2020,6,8,4,3,8,7,0,1,0,0,0,0,0,1,"402574,984299999660000","5757576,802699999900000","7,582073835000074","51,960341307000078"
209005,2020,6,13,1,3,5,3,0,1,0,0,0,0,0,0,"407290,508399999700000","5757990,669199999400000","7,650570879000043","51,964867644000037"
209042,2020,6,17,2,3,4,3,0,1,1,0,0,0,0,0,"404511,028699999680000","5758929,519999999600000","7,609865833000072","51,972835892000035"
209105,2020,6,8,6,3,0,2,0,1,0,0,0,1,0,0,"402433,170900000260000","5758366,702400000800000","7,579786150000075","51,967416256000035"
209145,2020,6,16,1,3,5,3,0,1,1,0,0,0,0,0,"404653,086299999620000","5752739,702099999400000","7,613649925000061","51,917223690000071"
209196,2020,6,15,6,3,0,5,0,1,1,0,0,0,0,0,"407007,595599999650000","5759069,172100000100000","7,646162052000022","51,974514506000048"
209485,2020,6,13,3,3,3,6,0,1,0,0,0,0,0,0,"412655,627100000160000","5753681,752900000700000","7,729736042000070","51,927004412000031"
209487,2020,6,19,3,3,3,2,0,1,0,0,0,0,0,0,"405884,440000000410000","5758352,781999999700000","7,630011931000070","51,967886204000081"
209490,2020,6,9,3,3,4,2,0,1,1,0,0,0,0,0,"403955,734600000080000","5761492,941299999100000","7,601066657000047","51,995781008000051"
209491,2020,6,22,3,3,5,3,2,1,1,0,0,0,0,0,"403872,810999999750000","5761631,964099999500000","7,599820235000038","51,997016235000046"
209631,2020,6,12,5,3,5,2,0,1,0,0,0,0,0,0,"405623,027200000360000","5757095,134899999900000","7,626553460000025","51,956537607000030"
209733,2020,6,16,7,3,1,5,0,1,1,0,0,0,0,0,"406922,228099999950000","5758069,752399999600000","7,645190571000057","51,965516943000068"
209771,2020,6,17,1,3,3,6,0,1,0,0,0,0,0,0,"405045,690700000150000","5758355,241000000400000","7,617805866000026","51,967765659000065"
209773,2020,6,15,6,3,1,3,0,1,1,0,0,0,0,0,"406197,686999999920000","5752281,045800000400000","7,636226512000064","51,913363370000070"
209835,2020,6,17,7,3,5,2,0,1,1,0,0,0,0,0,"406331,104000000280000","5758856,544999999900000","7,636374322000052","51,972489705000044"
209858,2020,6,18,6,3,5,3,0,1,1,0,0,0,0,0,"405960,366999999620000","5754098,719200000200000","7,632280706000074","51,929661535000037"
209932,2020,7,17,4,3,0,1,0,1,0,0,0,0,0,1,"402926,125500000080000","5757505,629799999300000","7,587202785000045","51,959763002000045"
209953,2020,7,8,5,3,5,3,0,1,1,0,0,0,0,0,"404793,707999999630000","5761209,490499999400000","7,613347004000048","51,993377563000081"
210017,2020,6,14,2,3,5,3,0,1,1,0,0,0,0,0,"406685,840099999680000","5754911,224800000000000","7,642608443000029","51,937086867000062"
210042,2020,6,12,3,3,3,2,0,1,0,0,0,0,1,0,"404685,260999999940000","5759070,570699999100000","7,612362342000040","51,974133615000028"
210045,2020,6,7,3,3,3,3,0,1,1,0,0,0,0,0,"406391,589900000020000","5757885,994000000900000","7,637519220000058","51,963776134000057"
210112,2020,7,13,5,3,6,4,0,1,0,1,0,0,0,0,"406801,049899999980000","5757526,603800000600000","7,643574671000067","51,960614552000038"
210274,2020,7,11,3,3,6,4,0,1,0,1,0,0,0,0,"405370,676799999550000","5759828,679600000400000","7,622128759000020","51,981064930000059"
210340,2020,7,15,6,3,0,3,0,1,1,0,0,0,0,0,"407647,283900000150000","5755381,528000000900000","7,656463585000040","51,941474620000065"
210511,2020,7,7,6,3,5,3,0,1,1,0,0,0,0,0,"406657,388199999930000","5757655,911399999600000","7,641449301000023","51,961752732000036"
210516,2020,7,14,5,3,5,3,0,1,0,0,0,0,0,1,"406112,864000000060000","5757493,588999999700000","7,633570847000044","51,960202017000029"
210528,2020,7,0,1,2,0,1,2,1,0,0,0,0,0,0,"406359,180900000040000","5757815,270500000600000","7,637066932000039","51,963134980000063"
210698,2020,7,16,5,3,5,3,0,1,0,0,0,0,0,0,"405902,458599999550000","5757239,038300000100000","7,630579289000025","51,957878431000040"
210701,2020,7,22,6,3,0,1,2,1,1,0,0,0,0,0,"404870,055999999870000","5758645,160299999600000","7,615169726000033","51,970341532000077"
210786,2020,7,4,3,3,0,1,2,1,0,0,0,0,0,0,"406600,432500000110000","5759082,433199999900000","7,640232524000055","51,974565421000079"
210879,2020,7,17,4,3,5,2,0,1,1,0,0,0,0,0,"406937,717799999750000","5756955,725900000000000","7,645717796000042","51,955506103000062"
210951,2020,7,12,1,3,0,2,0,1,0,0,0,0,0,0,"407856,700699999930000","5757292,658399999100000","7,658996882000054","51,958687674000032"
211125,2020,7,17,1,3,1,7,0,1,1,0,0,0,0,0,"405275,927500000220000","5755852,439799999800000","7,621846285000061","51,945308712000042"
211195,2020,7,10,1,3,0,7,0,1,0,0,0,0,0,1,"406205,992100000380000","5756184,999099999700000","7,635283017000063","51,948455507000062"
211205,2020,7,23,1,3,3,6,2,1,0,0,0,0,0,0,"405436,350499999710000","5758995,600199999300000","7,623314294000068","51,973588065000058"
211268,2020,7,16,6,3,0,7,0,1,0,0,0,0,0,0,"404919,670800000430000","5757228,737700000400000","7,616283913000075","51,957618665000041"
211269,2020,7,8,6,3,1,7,0,1,1,0,0,0,0,0,"407370,670300000350000","5758340,327800000100000","7,651642995000032","51,968023919000075"
211377,2020,7,23,5,3,0,6,2,1,1,0,0,0,0,0,"406144,224200000060000","5757031,162799999100000","7,634153461000039","51,956050809000033"
211380,2020,7,18,5,3,0,6,0,1,0,0,0,0,0,0,"406624,589900000020000","5758870,098999999500000","7,640641882000068","51,972660922000046"
211679,2020,7,15,2,3,5,2,0,1,0,0,0,0,1,1,"403714,520100000310000","5757402,473099999100000","7,598702141000047","51,958972882000069"
211693,2020,8,13,2,3,5,3,0,1,1,0,0,0,0,0,"405209,887799999680000","5757221,024000000200000","7,620508281000070","51,957598880000035"
211888,2020,8,19,7,3,4,2,0,1,1,0,0,0,0,0,"404663,239500000140000","5757231,495600000000000","7,612552452000045","51,957599548000076"
211996,2020,8,19,5,3,1,5,0,1,1,0,0,0,0,0,"407210,963600000370000","5756781,286200000000000","7,649740098000052","51,953983808000032"
212051,2020,8,18,3,3,5,2,0,1,1,0,0,0,0,0,"401167,016599999740000","5761545,750499999200000","7,560446008000042","51,995766331000027"
212054,2020,8,17,3,2,0,1,0,1,0,0,0,0,0,0,"412027,951600000260000","5752491,682700000700000","7,720914211000036","51,916208225000048"
212100,2020,8,16,5,2,0,3,0,1,1,0,0,0,0,0,"406646,846699999650000","5754525,640300000100000","7,642146041000046","51,933614489000036"
212149,2020,8,8,5,2,0,3,0,1,0,0,0,0,0,0,"409325,254900000060000","5754590,594200000200000","7,681075978000024","51,934641177000060"
212164,2020,8,8,4,3,5,2,0,1,1,0,0,0,0,0,"407509,598699999970000","5754698,199300000400000","7,654644918000031","51,935309600000039"
212420,2020,8,17,6,3,0,7,0,1,1,0,0,0,0,0,"407274,318799999540000","5758560,738900000200000","7,650181346000068","51,969989022000050"
212421,2020,8,15,6,3,5,3,0,1,1,0,0,0,0,0,"412656,316100000400000","5752697,236400000800000","7,729995860000031","51,918154833000074"
212423,2020,8,14,6,2,1,1,0,1,1,0,0,0,0,0,"405540,941700000320000","5755438,804500000600000","7,625814451000053","51,941635831000042"
212426,2020,8,11,6,3,5,2,0,1,1,0,0,0,0,0,"403937,229000000280000","5752923,336999999400000","7,603193414000032","51,918751245000067"
212427,2020,8,14,6,3,0,3,0,1,1,0,0,0,0,0,"403811,035000000150000","5760936,160000000100000","7,599115932000075","51,990751457000044"
212447,2020,8,18,4,3,0,1,0,1,0,0,0,0,0,0,"407370,765900000000000","5756256,401799999200000","7,652206310000054","51,949292502000048"
212454,2020,8,7,4,3,0,5,0,1,1,0,0,0,0,0,"405505,980999999680000","5755672,437999999200000","7,625241796000069","51,943729899000061"
212472,2020,8,7,6,3,5,3,0,1,1,0,0,0,0,0,"406009,813199999740000","5752866,359200000800000","7,633336141000029","51,918592801000045"
212507,2020,8,11,5,3,3,6,0,1,0,0,0,0,0,0,"406132,645899999890000","5758760,675899999200000","7,633512286000041","51,971594507000077"
212578,2020,8,15,6,3,0,5,0,1,1,0,0,0,0,0,"407018,768500000240000","5757354,742799999200000","7,646788931000060","51,959106230000032"
212627,2020,8,11,6,3,0,6,0,1,1,0,0,0,0,0,"412534,749099999670000","5752622,712999999500000","7,728247638000028","51,917465870000058"
212662,2020,8,7,5,3,0,1,0,1,0,0,0,0,0,0,"406765,371899999680000","5759418,016200000400000","7,642541910000034","51,977609495000081"
212727,2020,8,12,3,3,0,1,0,1,0,0,0,0,0,0,"404680,448900000190000","5757416,701999999600000","7,612751433000028","51,959267204000071"
212832,2020,8,19,2,3,0,1,0,1,0,0,0,0,0,1,"406112,864000000060000","5757493,588999999700000","7,633570847000044","51,960202017000029"
212833,2020,8,16,2,3,0,4,0,1,0,1,0,0,0,0,"406135,716000000010000","5757123,527000000700000","7,634004448000042","51,956879586000071"
213001,2020,8,10,6,3,5,3,0,1,1,0,0,0,0,0,"404912,875500000080000","5756292,655400000500000","7,616444080000065","51,949203616000034"
213016,2020,8,16,4,3,0,6,0,1,1,0,0,0,0,0,"406087,677799999710000","5758929,012900000400000","7,632811801000059","51,973099997000077"
213028,2020,8,18,5,3,5,2,0,1,1,0,0,0,0,0,"405422,991999999620000","5758291,105000000400000","7,623313969000037","51,967253503000052"
213168,2020,8,14,4,3,0,5,0,1,1,0,0,0,0,0,"406706,644299999810000","5750712,803400000600000","7,644048507000036","51,899352585000031"
213256,2020,8,13,2,3,0,3,0,1,0,0,0,0,0,0,"408911,122999999670000","5753108,305800000200000","7,675446239000053","51,921249754000030"
213262,2020,8,9,1,2,5,2,0,1,0,0,0,0,0,0,"407162,353000000120000","5757798,263000000300000","7,648758093000026","51,963116811000077"
213441,2020,8,10,3,3,0,7,0,1,0,1,0,0,0,0,"401215,846599999820000","5761393,025499999500000","7,561201011000037","51,994402308000076"
213471,2020,8,13,6,2,0,5,0,1,1,0,0,0,0,0,"408737,798799999990000","5751228,301200000600000","7,673424729000033","51,904322612000044"
213596,2020,8,19,5,3,5,3,1,1,1,0,0,0,0,0,"404338,395100000310000","5760185,765900000900000","7,607003192000036","51,984097759000065"
213598,2020,8,7,5,3,4,6,0,1,1,0,0,0,0,0,"404811,630699999630000","5755144,307299999500000","7,615289324000059","51,938864468000077"
213600,2020,8,21,5,3,6,1,2,1,0,1,0,0,0,0,"406243,199599999930000","5757023,105699999300000","7,635595568000042","51,955995085000040"
213642,2020,8,15,1,3,0,5,0,1,1,0,0,0,0,0,"405295,781999999660000","5757345,360999999600000","7,621723642000063","51,958731109000041"
213732,2020,9,16,3,3,2,6,0,1,0,0,0,0,0,0,"405314,260700000450000","5755979,837600000200000","7,622368737000045","51,946460345000048"
213782,2020,8,15,2,3,5,3,0,1,0,0,0,0,0,0,"407124,591500000100000","5756622,797000000300000","7,648526431000050","51,952544805000059"
213784,2020,8,14,2,3,3,6,0,1,0,0,0,0,0,0,"407558,856599999590000","5758810,778200000500000","7,654254826000056","51,972283902000072"
213904,2020,9,17,4,2,0,7,0,1,0,1,0,0,0,0,"405339,528300000350000","5758449,039400000100000","7,622055887000045","51,968658874000027"
214252,2020,9,10,3,3,4,2,0,1,1,0,0,0,0,0,"404758,198499999940000","5757290,618899999200000","7,613917573000038","51,958147244000031"
214361,2020,9,16,2,3,0,3,0,1,0,0,0,0,1,0,"405425,048999999650000","5758255,198000000800000","7,623353792000046","51,966931106000061"
214367,2020,9,11,2,3,4,6,0,1,0,0,0,0,0,0,"407377,349999999630000","5751396,289999999100000","7,653610127000036","51,905608081000082"
214370,2020,9,15,2,2,0,7,0,1,0,0,0,0,0,0,"407384,740000000220000","5751265,245400000400000","7,653752738000037","51,904431399000032"
214412,2020,9,17,4,3,5,3,0,1,1,0,0,0,0,0,"408002,212199999950000","5751392,636499999100000","7,662691600000073","51,905678781000063"
214420,2020,9,15,3,3,5,3,0,1,1,0,0,0,0,0,"401364,144600000230000","5758721,441099999500000","7,564128399000026","51,970416045000036"
214458,2020,9,16,3,3,6,4,0,1,0,1,0,0,0,0,"407418,324599999930000","5760639,276100000400000","7,651716171000032","51,988695958000051"
214502,2020,9,10,1,2,1,1,0,1,1,0,0,0,0,0,"405124,012299999590000","5755201,972500000100000","7,619816222000054","51,939436140000055"
214709,2020,9,10,6,3,0,4,0,1,0,1,0,0,0,0,"406366,149899999610000","5757290,396600000600000","7,637311417000035","51,958418339000048"
214756,2020,9,13,4,3,3,6,0,1,0,0,0,0,0,0,"404452,851499999870000","5757092,284399999300000","7,609530339000060","51,956312154000045"
214766,2020,9,13,3,2,5,3,0,1,0,0,0,1,0,0,"405509,891999999990000","5751883,525000000400000","7,626338932000067","51,909673984000051"
214816,2020,9,21,3,2,5,3,2,1,0,0,0,0,0,0,"405592,080799999650000","5757551,925799999400000","7,625977707000061","51,960638190000054"
214860,2020,9,16,4,3,5,2,0,1,1,0,0,0,0,0,"405158,863199999560000","5753878,655600000200000","7,620687860000032","51,927547511000057"
214922,2020,9,16,3,3,5,3,0,1,0,0,0,0,0,0,"409431,864099999890000","5761518,570499999400000","7,680798934000052","51,996931545000052"
215039,2020,9,14,5,3,2,6,0,1,1,0,0,0,0,0,"405392,118999999950000","5758849,607300000300000","7,622710800000050","51,972268294000060"
215074,2020,9,18,6,3,0,3,0,1,0,0,0,0,0,0,"404404,087700000030000","5755373,011199999600000","7,609299081000074","51,940850283000032"
215180,2020,9,15,6,3,0,3,0,1,1,0,0,0,0,0,"410594,023000000040000","5753371,460999999200000","7,699842632000070","51,923887975000071"
215252,2020,9,16,7,3,5,3,0,1,1,0,0,0,0,0,"403954,256099999880000","5761495,184000000400000","7,601044501000047","51,995800911000060"
215262,2020,9,13,2,3,5,2,0,1,1,0,0,0,0,0,"405318,046000000090000","5755930,721999999100000","7,622437321000064","51,946019517000082"
215276,2020,9,8,4,3,5,3,0,1,0,0,0,0,0,0,"406833,210900000300000","5757604,897099999700000","7,644021367000050","51,961323681000067"
215296,2020,9,7,3,3,0,3,0,1,0,0,0,0,0,0,"405298,042000000370000","5753185,757799999800000","7,622901998000032","51,921343112000045"
215383,2020,9,17,4,3,1,5,0,1,1,0,0,0,0,0,"406011,138000000270000","5756696,676999999200000","7,632308800000033","51,953021818000082"
215404,2020,9,12,3,2,2,2,0,1,0,0,0,0,0,0,"405212,911999999550000","5757224,910000000100000","7,620551207000062","51,957634324000026"
215420,2020,9,17,2,2,5,7,0,1,1,0,0,0,0,0,"405721,190499999560000","5755001,459400000100000","7,628555785000060","51,937735339000028"
215440,2020,9,15,1,2,2,6,0,1,0,0,0,0,1,0,"402408,076299999840000","5758348,574799999600000","7,579426139000077","51,967248915000027"
215446,2020,9,18,1,3,1,1,0,1,1,0,0,0,0,0,"405689,646599999630000","5756791,660700000800000","7,627605955000036","51,953821149000078"
215456,2020,9,18,3,2,0,1,0,1,0,0,0,0,0,0,"410644,245000000110000","5753462,723999999500000","7,700549074000037","51,924716379000074"
215534,2020,9,17,7,3,3,2,0,1,1,0,0,0,0,1,"406042,313799999650000","5756997,757700000000000","7,632679990000042","51,955733339000062"
215535,2020,9,21,7,3,1,5,2,1,1,0,0,0,0,1,"403714,788099999540000","5758739,719000000500000","7,598331089000055","51,970992523000064"
215622,2020,9,17,6,3,5,2,0,1,1,0,0,0,0,0,"407467,786799999890000","5756144,452999999700000","7,653647720000038","51,948302393000063"
215623,2020,9,17,6,2,5,3,0,1,1,0,0,0,0,0,"399567,410000000150000","5756260,082000000400000","7,538701534000040","51,947971361000043"
215751,2020,9,13,1,3,4,6,0,1,0,0,0,0,0,0,"406367,061599999670000","5757264,403799999500000","7,637331766000045","51,958184857000049"
215824,2020,9,14,3,3,5,3,0,1,0,0,0,0,0,1,"402469,378499999640000","5758347,749199999500000","7,580318408000039","51,967252254000073"
215872,2020,9,23,3,3,0,7,2,1,0,0,0,0,0,1,"407058,707600000310000","5757346,144799999900000","7,647372339000071","51,959035625000070"
215959,2020,9,6,2,3,1,6,2,1,0,0,0,1,0,0,"407197,115600000140000","5754878,361600000400000","7,650052327000026","51,936876976000065"
215965,2020,9,13,2,3,5,3,0,1,1,0,0,0,0,0,"403182,291400000450000","5757032,244200000500000","7,591063171000030","51,955552734000037"
215977,2020,9,14,2,3,3,2,0,1,1,0,0,0,0,0,"406031,782999999820000","5756763,716900000300000","7,632590793000077","51,953627892000043"
215979,2020,9,16,3,3,0,7,0,1,0,0,0,0,0,1,"406269,817400000060000","5761498,281800000000000","7,634760511000025","51,996224436000034"
216030,2020,9,15,3,3,5,7,0,1,1,0,0,0,0,0,"407448,730899999850000","5757321,535900000500000","7,653053502000034","51,958879483000032"
216147,2020,10,15,6,3,0,7,0,1,0,0,0,0,0,0,"405683,218100000170000","5751307,044999999900000","7,629015705000029","51,904521655000053"
216154,2020,10,7,6,3,4,6,0,1,0,0,0,0,0,0,"404359,081399999560000","5755711,404100000900000","7,608550428000058","51,943884157000070"
216218,2020,10,8,5,2,5,3,0,1,1,0,0,0,0,0,"404346,139600000340000","5758425,971899999300000","7,607606443000066","51,968281472000058"
216367,2020,10,11,6,3,5,3,0,1,1,0,0,0,0,0,"411488,809999999590000","5760787,703999999900000","7,710940487000073","51,990693706000059"
216433,2020,10,13,4,3,5,3,0,1,1,0,0,0,0,1,"407029,592500000260000","5755264,319800000600000","7,647511868000038","51,940318216000037"
216434,2020,10,14,4,3,5,2,0,1,0,0,0,0,0,0,"405555,789300000300000","5758700,669900000100000","7,625133727000048","51,970957421000037"
216471,2020,10,14,6,3,1,5,0,1,1,0,0,0,0,0,"405268,458999999800000","5755623,003399999800000","7,621800876000066","51,943245165000064"
216487,2020,10,14,5,3,0,1,0,1,0,0,0,0,0,1,"404757,946200000120000","5757290,999399999200000","7,613913797000066","51,958150621000073"
216532,2020,10,17,3,2,3,2,0,1,1,0,0,0,0,0,"407124,279400000350000","5756617,540699999800000","7,648523311000076","51,952497507000032"
216533,2020,10,13,3,3,4,3,0,1,0,0,0,0,0,1,"405769,576000000350000","5758391,417999999600000","7,628329834000056","51,968214021000051"
216669,2020,10,15,4,3,5,3,0,1,1,0,0,0,0,0,"405864,677199999800000","5754080,182800000500000","7,630894486000045","51,929478745000040"
216802,2020,10,16,2,3,0,5,0,1,1,0,0,0,0,0,"403377,540199999700000","5762066,858899999400000","7,592485904000057","52,000839216000031"
216817,2020,10,13,1,2,5,2,0,1,1,0,0,0,0,0,"405139,223100000060000","5755806,796000000100000","7,619870571000035","51,944875151000076"
216845,2020,10,23,4,3,4,6,2,1,0,0,0,0,0,0,"406127,513199999930000","5758080,793199999300000","7,633623484000054","51,965482550000047"
216944,2020,10,10,2,3,0,7,0,1,0,1,0,0,0,0,"404373,148299999540000","5756515,966000000000000","7,608531196000058","51,951118288000032"
216979,2020,10,0,7,3,4,1,2,1,0,0,0,0,0,0,"404388,951500000430000","5758417,678099999200000","7,608231749000026","51,968214290000049"
217032,2020,10,16,2,3,0,1,0,1,0,0,0,0,0,0,"402208,030600000170000","5758615,657900000000000","7,576439117000064","51,969614362000073"
217115,2020,10,14,2,3,0,1,0,1,0,0,0,0,0,1,"406112,864000000060000","5757493,588999999700000","7,633570847000044","51,960202017000029"
217142,2020,10,18,5,3,5,7,1,1,1,0,0,0,0,0,"405241,742700000290000","5757571,688400000300000","7,620874993000030","51,960756226000058"
217200,2020,10,6,7,3,0,7,2,1,0,0,0,0,0,1,"405110,800200000410000","5760183,298399999700000","7,618247865000058","51,984208051000053"
217219,2020,10,16,2,3,5,3,0,1,1,0,0,0,0,0,"407988,565100000240000","5754726,074799999600000","7,661602394000056","51,935639560000027"
217270,2020,10,15,2,3,5,3,0,1,1,0,0,0,0,1,"405903,491100000220000","5757238,151799999200000","7,630594553000037","51,957870638000031"
217417,2020,10,16,4,3,5,3,0,1,0,0,0,0,1,0,"407854,961699999870000","5757275,653400000200000","7,658976143000075","51,958534535000069"
217419,2020,10,10,5,3,3,6,0,1,0,0,0,0,1,0,"407857,174999999810000","5757275,247999999700000","7,659008453000070","51,958531258000050"
217420,2020,10,17,4,3,5,3,1,1,1,0,0,0,0,1,"407989,008100000210000","5754725,488299999400000","7,661608993000073","51,935634362000030"
217421,2020,10,7,4,3,5,2,0,1,1,0,0,0,1,1,"405269,103199999780000","5757294,410599999100000","7,621349544000054","51,958268601000043"
217422,2020,10,18,4,2,0,7,2,1,0,0,0,0,0,1,"406866,295699999670000","5758296,189600000200000","7,644315265000046","51,967542903000037"
217424,2020,10,9,5,3,5,3,0,1,1,0,0,0,0,0,"406519,377500000410000","5758205,828500000800000","7,639291548000074","51,966672461000030"
217687,2020,11,20,4,3,5,3,2,1,1,0,0,0,0,0,"403543,108799999580000","5757820,992399999900000","7,596090773000071","51,962704957000028"
217697,2020,11,17,3,2,0,1,1,1,0,0,0,0,0,1,"404500,583999999800000","5760999,012399999400000","7,609137721000025","51,991435389000060"
217852,2020,11,12,3,2,0,1,0,1,0,0,0,0,0,1,"404313,325000000190000","5760310,199999999300000","7,606603532000065","51,985211895000077"
217896,2020,11,22,6,3,0,7,2,1,0,0,0,0,0,0,"405519,709999999960000","5754337,651900000900000","7,625808137000036","51,931734552000080"
218006,2020,11,15,5,3,0,1,0,1,0,0,0,0,0,0,"401927,962899999690000","5755789,723700000000000","7,573170215000062","51,944164861000047"
218008,2020,11,15,5,2,0,1,0,1,0,0,0,0,0,0,"406818,839800000190000","5758633,283299999300000","7,643533197000068","51,970564911000054"
218290,2020,11,15,2,3,0,6,0,1,0,0,0,0,0,0,"405489,101999999960000","5757139,439999999500000","7,624592895000035","51,956913095000061"
218293,2020,11,8,5,3,1,7,0,1,0,0,0,0,1,0,"405465,644500000400000","5758794,287699999300000","7,623796076000076","51,971783571000060"
218298,2020,11,15,2,2,4,6,0,1,0,0,0,0,0,0,"406447,543999999760000","5760963,738800000400000","7,637494292000042","51,991449708000061"
218367,2020,11,9,4,2,0,1,0,1,0,0,0,0,0,1,"406201,960400000210000","5756167,129300000100000","7,635229249000076","51,948294205000082"
218375,2020,11,13,2,2,5,3,0,1,1,0,0,0,0,1,"402459,906000000420000","5758871,871500000400000","7,580031656000074","51,971961530000044"
218460,2020,11,15,4,3,0,3,0,1,1,0,0,0,0,0,"407846,678199999970000","5754604,415500000100000","7,659571710000023","51,934522536000031"
218538,2020,11,13,7,3,0,5,0,1,1,0,0,0,1,0,"407184,789599999790000","5758669,269400000600000","7,648849107000046","51,970949605000044"
218604,2020,11,19,6,2,5,3,2,1,1,0,0,0,0,1,"405264,661899999720000","5755570,338099999400000","7,621760162000044","51,942771139000058"
218612,2020,11,10,6,3,5,3,0,1,1,0,0,0,0,1,"402307,479000000280000","5758582,717000000200000","7,577895682000076","51,969335770000043"
218616,2020,11,16,6,3,5,2,0,1,0,0,0,0,0,1,"400464,884499999690000","5756295,331299999700000","7,551745091000043","51,948449505000042"
218623,2020,11,11,4,3,3,6,0,1,0,0,0,0,0,0,"402388,020800000060000","5754341,570699999100000","7,580272267000055","51,931229353000049"