objectid,ujahr,umonat,ustunde,uwochentag,ukategorie,uart,utyp1,ulichtverh,istrad,istpkw,istfuss,istkrad,istgkfz,istsonstig,ustrzustand,linrefx,linrefy,xgcswgs84,ygcswgs84
218685,2020,11,11,1,3,8,5,0,1,1,0,0,0,0,1,"409007,870400000360000","5764863,736099999400000","7,673736070000075","52,026930352000079"
218773,2020,11,8,7,2,8,1,0,1,0,0,0,0,0,0,"407185,484899999570000","5756584,626599999100000","7,649422562000041","51,952211875000046"
218880,2020,11,11,2,3,5,2,0,1,1,0,0,0,0,1,"409572,551500000060000","5752327,416600000100000","7,685266617000025","51,914338381000050"
218922,2020,11,13,4,3,5,3,0,1,1,0,0,0,0,0,"406497,065999999640000","5751370,048599999400000","7,640825053000071","51,905225155000039"
219010,2020,11,8,5,3,5,3,0,1,1,0,0,0,0,1,"401910,384700000290000","5758556,740700000900000","7,572124562000056","51,969032354000035"
219016,2020,11,16,6,2,0,6,0,1,0,1,0,0,0,0,"408838,227599999870000","5755982,294700000400000","7,673624949000043","51,947071103000042"
219065,2020,11,9,7,3,0,1,0,1,0,0,0,0,0,0,"405817,678700000050000","5758283,834899999200000","7,629059338000047","51,967255170000044"
219140,2020,11,8,4,3,4,6,0,1,1,0,0,0,0,0,"405844,898900000380000","5758743,004899999100000","7,629329508000069","51,971386999000060"
219142,2020,11,10,4,3,5,3,0,1,1,0,0,0,0,0,"407071,767500000070000","5758349,124099999700000","7,647290951000059","51,968053094000027"
219161,2020,12,18,5,3,4,6,2,1,1,0,0,0,0,0,"406641,784400000240000","5761353,335599999900000","7,640216270000053","51,994984259000034"
219162,2020,12,17,5,3,0,3,2,1,1,0,0,0,0,1,"403056,036000000310000","5757535,926999999200000","7,589084310000033","51,960057988000074"
219230,2020,12,16,6,3,2,6,2,1,1,0,0,0,0,1,"402121,907200000250000","5758139,609799999700000","7,575321541000051","51,965320375000033"
219252,2020,12,7,4,3,5,3,2,1,1,0,0,0,0,0,"408069,602800000460000","5754797,931399999200000","7,662761616000068","51,936298844000078"
219255,2020,12,10,4,3,0,7,0,1,1,0,0,0,0,0,"400897,444099999960000","5761627,770800000100000","7,556497176000050","51,996455495000077"
219257,2020,12,7,4,3,3,6,0,1,0,0,0,0,0,0,"406087,201999999580000","5758927,321000000500000","7,632805339000072","51,973084709000034"
219337,2020,12,6,6,3,1,5,2,1,1,0,0,0,0,1,"407667,654099999930000","5755259,265799999200000","7,656792668000037","51,940379038000060"
219368,2020,12,8,3,3,3,5,0,1,1,0,0,0,0,1,"406965,216000000010000","5756763,466600000900000","7,646169897000050","51,953782579000062"
219369,2020,12,13,3,3,5,3,0,1,1,0,0,0,0,1,"405761,949799999590000","5755784,087300000700000","7,628934033000064","51,944776873000080"
219489,2020,12,13,3,3,0,3,0,1,0,0,1,0,0,0,"408122,116499999540000","5757096,035000000100000","7,662911046000033","51,956964230000040"
219491,2020,12,8,4,3,0,1,1,1,0,0,0,0,0,0,"404894,314799999820000","5758959,168299999100000","7,615435755000021","51,973168105000070"
219519,2020,12,15,7,3,0,5,0,1,1,0,0,0,0,0,"407100,867999999780000","5757064,444000000100000","7,648061916000074","51,956510598000079"
219838,2020,12,16,7,3,3,7,1,1,1,0,0,0,0,1,"405353,528599999850000","5757673,529200000700000","7,622473369000034","51,961690654000051"
219899,2020,12,12,6,3,5,3,0,1,0,0,0,1,0,0,"404933,861200000160000","5760397,519300000700000","7,615612762000069","51,986103293000042"
219937,2020,12,13,2,3,5,3,0,1,1,0,0,0,0,1,"403528,344999999740000","5761903,369999999200000","7,594728009000050","51,999395961000062"
219947,2020,12,17,3,3,0,1,2,1,0,0,0,0,0,1,"406206,356599999590000","5756186,614600000900000","7,635287878000042","51,948470089000068"
220054,2020,12,7,3,3,5,3,2,1,1,0,0,0,0,1,"407854,641699999570000","5757275,711999999400000","7,658971471000029","51,958535009000059"
220058,2020,12,12,4,3,5,6,0,1,1,0,0,0,0,1,"402052,154000000100000","5754195,832000000400000","7,575430331000064","51,929860407000035"
220111,2020,12,13,2,2,0,7,0,1,0,0,0,0,0,1,"405687,639999999660000","5757907,540300000500000","7,627270401000033","51,963850825000065"
220125,2020,12,10,6,3,5,3,0,1,1,0,0,0,0,0,"401033,640200000260000","5747910,502200000000000","7,562426659000039","51,873185982000052"
220159,2020,12,13,3,3,1,1,0,1,1,0,0,0,0,1,"407159,692400000060000","5756600,947399999900000","7,649042950000023","51,952354270000058"
220185,2020,12,12,7,3,0,7,0,1,0,0,0,0,0,0,"409463,912100000310000","5752527,237900000100000","7,683635018000075","51,916116867000028"
220205,2020,12,22,7,3,0,1,2,1,0,0,0,0,0,1,"406198,184799999930000","5756150,465399999200000","7,635178878000033","51,948143785000070"
40101,2021,5,15,4,3,9,1,0,1,0,0,0,0,0,0,"395756,374535800889134","5755954,490096835419536","7,483364081000047","51,944523600000082"
40977,2021,12,13,6,3,5,2,0,1,1,0,0,0,0,1,"404898,183970837853849","5762255,374846715480089","7,614577975000032","52,002796219000061"
40995,2021,10,11,1,3,0,7,0,1,0,0,0,0,0,0,"411801,841797825880349","5754563,530038028955460","7,717096614000070","51,934795918000077"
41007,2021,3,8,4,3,5,2,0,1,1,0,0,0,0,0,"406900,763107542879879","5755808,358204914256930","7,645490981000023","51,945186781000075"
41009,2021,4,5,5,3,5,3,2,1,1,0,0,0,0,0,"404682,210872982628644","5759085,917833190411329","7,612313689000075","51,974271038000040"
41035,2021,9,17,6,3,3,3,0,1,0,0,0,0,0,0,"409354,019640294834971","5765197,282950023189187","7,678691573000037","52,029985122000028"
41060,2021,9,9,5,3,5,3,0,1,1,0,0,0,0,0,"404853,140307161957026","5750273,552445847541094","7,617238786000030","51,895090970000069"
41077,2021,11,2,1,3,0,7,2,1,0,0,0,0,0,1,"407099,263801948167384","5755488,078370159491897","7,648464656000044","51,942341117000069"
41091,2021,11,2,5,2,0,1,2,1,0,0,0,0,0,1,"404935,158866432495415","5762895,513664951547980","7,614938813000037","52,008556324000040"
41109,2021,12,13,6,3,0,7,0,1,0,0,0,0,1,1,"405507,037190240807831","5751870,835930431261659","7,626300923000031","51,909559444000081"
41118,2021,1,12,4,3,5,2,0,1,1,0,0,0,0,1,"406832,934999979101121","5757698,925999660044909","7,643991846000063","51,962168814000051"
41150,2021,11,16,5,3,0,2,0,1,1,0,0,0,0,1,"405413,104013431817293","5755346,660951977595687","7,623980599000049","51,940785885000082"
41172,2021,6,19,4,3,5,2,0,1,1,0,0,0,0,0,"406276,309523944742978","5757399,150461563840508","7,635974664000059","51,959380734000035"
41175,2021,6,12,7,3,3,6,0,1,1,0,0,0,0,0,"403860,225336873903871","5765051,089614598080516","7,598677086000066","52,027746011000033"
41185,2021,10,20,4,2,3,6,2,1,0,0,0,0,1,0,"405019,475331526249647","5757703,677153179422021","7,617604600000050","51,961904668000045"
41190,2021,6,19,5,3,0,3,0,1,1,0,0,0,0,0,"406630,783999978564680","5758698,302999662235379","7,640778758000067","51,971117779000053"
41193,2021,9,12,1,2,1,6,0,1,0,0,0,0,0,0,"404392,976937214843929","5761265,217448314651847","7,607496787000059","51,993809609000039"
41206,2021,10,12,7,3,5,3,0,1,1,0,0,0,0,0,"401848,869999974034727","5759113,913999656215310","7,571070089000045","51,974029482000049"
41222,2021,1,19,2,3,5,3,2,1,1,0,0,0,0,0,"405903,779211184941232","5755952,442710017785430","7,630950787000074","51,946314139000037"
41224,2021,10,8,5,3,5,2,0,1,1,0,0,0,0,0,"405372,271963568404317","5761218,522911250591278","7,621768489000033","51,993557635000059"
41276,2021,11,13,3,3,5,3,0,1,1,0,0,0,0,0,"406921,386629399843514","5759731,210071818903089","7,644727772000067","51,980450786000063"
41305,2021,10,16,6,3,5,3,0,1,1,0,0,0,0,1,"408148,428089587949216","5761314,370992880314589","7,662164799000038","51,994885277000037"
41309,2021,12,1,7,2,0,1,2,1,0,0,0,0,1,0,"406150,384645940735936","5757699,672652682289481","7,634060444000056","51,962060726000061"
41310,2021,3,12,2,3,3,1,0,1,0,0,0,0,0,0,"405477,762999978847802","5754900,428999656811357","7,625043586000061","51,936785934000056"
41341,2021,7,8,4,2,0,1,0,1,0,0,0,0,0,0,"404147,196963144466281","5758809,495583014562726","7,604604360000053","51,971694440000078"
41350,2021,11,19,4,3,4,3,2,1,0,0,0,0,0,0,"405407,553999979048967","5758172,530999658629298","7,623121985000068","51,966185084000074"
41357,2021,9,8,5,3,2,1,0,1,0,0,0,0,0,0,"409326,875171927735209","5758675,022454129531980","7,680021797000052","51,971354914000074"
41358,2021,1,12,7,3,5,3,0,1,1,0,0,0,0,0,"406938,182999979704618","5759769,172999665141106","7,644961964000061","51,980794828000057"
41368,2021,6,12,4,3,4,2,0,1,0,0,0,0,0,0,"406275,953015339560807","5757399,375952690839767","7,635969416000023","51,959382701000038"
41384,2021,6,17,4,3,3,5,0,1,0,0,0,0,1,0,"405942,462006523273885","5756798,731164775788784","7,631281826000077","51,953927517000068"
41395,2021,6,14,5,3,5,2,0,1,1,0,0,0,0,0,"405380,003727867268026","5755692,163054687902331","7,623404142000027","51,943885785000077"
41404,2021,11,18,4,3,5,3,2,1,1,0,0,0,0,1,"406952,549999981187284","5758304,253999661654234","7,645568246000039","51,967629835000082"
41420,2021,2,14,5,2,3,6,0,1,0,0,0,1,0,0,"403851,147663071751595","5749305,786653943359852","7,602951364000035","51,886220285000036"
41428,2021,4,15,7,3,5,2,0,1,1,0,0,0,0,0,"405446,351672776974738","5751080,038728160783648","7,625635977000059","51,902441054000064"
41435,2021,5,15,1,3,8,1,0,1,0,0,0,0,0,0,"409580,900307464413345","5760838,463166011497378","7,683148532000075","51,990842628000053"
41464,2021,3,12,5,3,0,1,0,1,0,0,0,0,0,0,"412251,347929864190519","5752458,685579881072044","7,724169860000075","51,915946865000080"
41467,2021,6,15,3,3,6,7,0,1,0,1,0,0,0,0,"409063,462890785187483","5752873,380435144528747","7,677722877000065","51,919162986000060"
41469,2021,9,23,7,3,0,6,2,1,0,0,0,0,0,0,"405989,142151147127151","5751657,904557030647993","7,633365507000065","51,907727079000040"
41471,2021,9,13,6,3,2,6,0,1,1,0,0,0,0,0,"404419,296695269644260","5758297,096459321677685","7,608706898000037","51,967135678000034"
41484,2021,9,18,7,3,3,1,0,1,0,0,0,0,0,0,"401563,936512342654169","5750950,068645212799311","7,569259723000073","51,900600447000045"
41494,2021,12,7,3,2,5,3,2,1,1,0,0,0,0,1,"403693,656016909517348","5759592,174611588940024","7,597784349000051","51,978650990000062"
41502,2021,1,16,4,2,5,3,1,1,1,0,0,0,0,1,"405929,759776833467185","5756153,922500308603048","7,631273537000027","51,948129528000038"
41526,2021,6,9,3,3,5,3,0,1,0,0,0,0,0,0,"403371,010360443964601","5758091,982975218445063","7,593510482000056","51,965110817000038"
41532,2021,6,21,4,3,0,1,1,1,0,0,0,0,0,0,"406309,503859356977046","5756677,367324601858854","7,636654444000044","51,952898597000058"
41533,2021,11,17,6,3,0,1,2,1,0,0,0,0,0,1,"405724,626720262691379","5753790,224616121500731","7,628937654000026","51,926848755000037"
41551,2021,11,11,4,2,5,3,0,1,1,0,0,0,0,0,"406054,159758009016514","5757319,943116230890155","7,632764222000048","51,958631292000064"
41556,2021,5,16,4,3,5,2,0,1,1,0,0,0,0,1,"403038,253999975509942","5758133,420999655500054","7,588656910000054","51,965425334000031"
41576,2021,6,14,5,3,5,3,0,1,1,0,0,0,0,0,"403517,945031904615462","5759376,009239122271538","7,595287615000075","51,976677551000080"
41607,2021,9,14,6,3,0,2,0,1,1,0,0,0,0,0,"403797,943999976851046","5761132,581999663263559","7,598870225000042","51,992514686000050"
41625,2021,1,14,4,3,2,6,0,1,1,0,0,0,0,0,"406558,407625704072416","5757198,904681969434023","7,640133449000075","51,957628307000050"
41641,2021,9,8,5,3,5,2,0,1,1,0,0,0,0,0,"401652,989749472588301","5755588,359249377623200","7,569228630000055","51,942306408000036"
41655,2021,5,16,5,3,5,3,0,1,1,0,0,0,0,0,"407874,362866985611618","5758263,568763792514801","7,658993406000036","51,967417677000071"
41681,2021,1,7,6,2,2,6,2,1,1,0,0,0,0,1,"404690,834062171168625","5758891,096300110220909","7,612493289000042","51,972521390000054"
41684,2021,6,6,4,3,5,3,0,1,0,0,0,0,1,0,"403090,610999974422157","5760529,155999658629298","7,588742215000025","51,986967969000034"
41690,2021,11,8,6,3,6,6,0,1,1,1,0,0,0,0,"406179,927124433219433","5756689,574442163109779","7,634766142000046","51,952986476000035"
41700,2021,4,8,4,3,5,3,0,1,1,0,0,0,0,1,"411544,355265039019287","5761232,771386601030827","7,711634385000025","51,994703130000062"
41705,2021,9,17,4,3,1,6,0,1,1,0,0,0,0,1,"412453,536509206518531","5752444,364873724058270","7,727112456000043","51,915849960000060"
41707,2021,3,0,7,3,6,6,2,1,0,1,0,0,0,1,"407929,667634457349777","5754500,371012737974524","7,660806333000039","51,933601058000079"
41709,2021,1,7,6,3,5,3,2,1,1,0,0,0,0,1,"406651,596356342546642","5756707,903645385056734","7,641622623000046","51,953230597000072"
41711,2021,9,8,5,3,3,4,0,1,0,1,0,0,0,0,"405507,544620462693274","5756492,719090871512890","7,625039050000055","51,951103219000061"
41715,2021,1,13,4,3,5,7,0,1,1,0,0,0,0,0,"402809,477061438374221","5753936,172336928546429","7,586514663000059","51,927659254000048"
41733,2021,3,19,6,3,5,3,2,1,1,0,0,0,0,0,"404952,796999978832901","5756364,455999657511711","7,617004916000042","51,949855812000067"
41740,2021,5,9,3,3,5,2,0,1,0,0,0,0,0,1,"406257,643723851069808","5758702,994144050404429","7,635347154000044","51,971097134000047"
41742,2021,2,17,2,3,0,1,1,1,0,0,0,0,0,2,"405970,545532366260886","5757194,128622114658356","7,631582159000061","51,957486280000069"
41743,2021,1,12,3,3,5,2,0,1,1,0,0,0,0,0,"400729,030169690959156","5759697,342489581555128","7,554603740000061","51,979074505000028"
41763,2021,11,15,5,3,5,2,0,1,0,0,0,0,1,0,"406936,491011672653258","5759765,348790753632784","7,644938372000070","51,980760171000043"
41766,2021,10,23,4,3,0,1,2,1,0,0,0,0,0,1,"404903,914415785111487","5762254,373696681112051","7,614661707000039","52,002788202000033"
41776,2021,2,13,5,3,0,2,0,1,1,0,0,0,0,0,"406326,520560453645885","5756453,966612150892615","7,636962882000034","51,950893429000075"
41786,2021,9,13,6,2,0,1,0,1,0,0,0,0,0,0,"411775,941135831177235","5754389,055592149496078","7,716764718000036","51,933223496000039"
41822,2021,11,17,6,3,4,6,1,1,0,0,0,0,0,1,"407748,320038932375610","5754708,725327540189028","7,658113478000075","51,935443838000026"
41834,2021,6,13,4,3,1,5,0,1,1,0,0,0,0,0,"405609,836640057154000","5756971,597900660708547","7,626395499000068","51,955424964000031"
41835,2021,12,9,2,3,5,3,0,1,1,0,0,0,0,1,"399671,907365296967328","5753672,853253068402410","7,540976075000060","51,924735852000026"
41849,2021,5,5,3,3,5,3,1,1,1,0,0,0,0,1,"402984,824999975040555","5754029,412999654188752","7,589037705000067","51,928527920000079"
41853,2021,2,14,1,2,4,6,0,1,0,0,0,0,0,0,"409981,509191711433232","5751892,864066531881690","7,691324381000072","51,910498553000082"
41875,2021,9,14,2,3,1,7,0,1,1,0,0,0,0,0,"406525,229822135530412","5750602,958076847717166","7,641442365000046","51,898334827000042"
41877,2021,6,11,4,3,5,7,0,1,1,0,0,0,0,0,"405470,847737501375377","5758129,237740894779563","7,624054914000055","51,965806713000063"
41878,2021,12,19,4,3,5,3,2,1,1,0,0,0,0,1,"404364,062564454041421","5756269,981393763795495","7,608467478000023","51,948905722000063"
41905,2021,10,16,5,3,4,6,0,1,0,0,0,0,0,0,"408962,695417759940028","5756242,345988091081381","7,675366518000033","51,949428993000026"
41916,2021,6,9,2,3,9,1,0,1,0,0,0,0,1,0,"406954,078597070649266","5756982,805323313921690","7,645948480000072","51,955752245000042"
41925,2021,11,10,3,3,4,2,0,1,1,0,0,0,0,0,"410950,885585257783532","5759645,070000240579247","7,703405088000068","51,980336952000073"
41952,2021,5,14,6,3,5,3,0,1,1,0,0,0,0,0,"405603,178729036822915","5756977,451198671013117","7,626297032000025","51,955476446000034"
41955,2021,3,11,6,3,5,2,0,1,0,0,0,0,1,0,"405164,608930658549070","5756894,794724006205797","7,619939587000033","51,954658875000064"
41956,2021,5,14,4,3,5,3,0,1,1,0,0,0,0,0,"401196,215259797871113","5753700,777616631239653","7,563127758000064","51,925259461000053"
41967,2021,12,17,5,3,5,2,2,1,1,0,0,0,0,0,"403186,533406672067940","5759055,973723320290446","7,590554346000033","51,973743342000034"
41995,2021,10,1,5,3,0,1,2,1,0,0,0,0,0,0,"405627,464999978430569","5758065,369999658316374","7,626351444000022","51,965259254000046"
41998,2021,11,14,2,3,0,2,0,1,0,0,0,0,1,0,"405159,244746911339462","5756932,444801308214664","7,619851159000063","51,954996375000064"
42015,2021,9,15,6,3,3,2,0,1,0,0,0,0,0,0,"407189,115999980829656","5750962,674999659880996","7,650991499000042","51,901679156000057"
42018,2021,10,8,4,3,5,3,0,1,1,0,0,0,0,0,"405774,161432010121644","5757999,907172823324800","7,628503999000031","51,964695730000074"
42037,2021,12,18,4,3,5,2,2,1,1,0,0,0,0,0,"405989,055903050117195","5751658,175884574651718","7,633364180000058","51,907729504000031"
42045,2021,4,16,4,3,5,3,0,1,0,0,0,0,0,0,"407069,436999979428947","5757446,472999658435583","7,647501301000034","51,959939219000034"
42079,2021,9,7,4,2,3,6,0,1,0,0,0,0,0,0,"405373,359831854701042","5755761,725429134443402","7,623288367000043","51,944509912000058"
42082,2021,2,16,2,3,4,6,0,1,0,0,0,0,0,0,"401538,897491645999253","5757064,942846894264221","7,567146374000060","51,955558092000047"
42085,2021,1,17,2,3,5,3,2,1,1,0,0,0,0,1,"410651,806624332442880","5753317,867010708898306","7,700696609000033","51,923415508000062"
42104,2021,11,14,1,3,5,3,0,1,1,0,0,0,0,0,"403973,899172537028790","5757478,766228046268225","7,602454491000060","51,959703486000080"
42112,2021,9,8,5,3,0,1,0,1,0,0,0,0,0,0,"405508,942467360757291","5756498,631905050948262","7,625057758000025","51,951156603000072"
42115,2021,4,13,6,2,0,1,0,1,0,0,0,0,0,1,"405161,778516988269985","5756922,730372838675976","7,619890701000031","51,954909490000034"
42126,2021,12,8,5,3,5,3,0,1,1,0,0,0,0,0,"403038,137500789016485","5758130,783958142623305","7,588655960000040","51,965401611000061"
42148,2021,10,7,2,2,1,7,0,1,1,0,0,0,0,0,"403864,384858798235655","5761299,267331315204501","7,599790846000076","51,994024405000062"
42153,2021,12,14,6,3,3,2,0,1,1,0,0,0,0,0,"406148,966616516932845","5756695,474480263888836","7,634314143000040","51,953034285000058"
42154,2021,10,13,5,3,5,2,0,1,1,0,0,0,0,0,"406539,798999979160726","5757657,116999661549926","7,639738047000037","51,961743814000044"
42156,2021,10,18,4,3,4,7,1,1,1,0,0,0,0,0,"405515,825722562149167","5758097,285970486700535","7,624718191000056","51,965527164000036"
42165,2021,10,17,6,3,0,3,1,1,1,0,0,0,0,0,"408264,385138120502234","5754116,999835861846805","7,665775700000040","51,930210352000074"
42187,2021,10,15,2,3,0,1,0,1,0,0,0,0,0,0,"406370,027263042517006","5751106,022161243483424","7,639050693000058","51,902830599000026"
42188,2021,4,16,3,3,0,3,0,1,1,0,0,0,0,0,"405762,591798199340701","5756906,787615180015564","7,628635542000040","51,954868327000042"
42190,2021,5,17,2,2,0,2,0,1,0,0,1,0,0,0,"403906,022955439984798","5748652,005859404802322","7,603930533000039","51,880353261000039"
42201,2021,11,17,3,3,5,3,2,1,0,0,0,0,0,0,"405422,518963368609548","5755280,607481779530644","7,624135689000070","51,940193766000050"
42227,2021,10,7,2,3,0,3,0,1,1,0,0,0,0,0,"407899,700959694571793","5760296,461326831951737","7,658816525000020","51,985694592000073"
42241,2021,11,21,2,3,0,7,2,1,0,0,0,0,0,0,"405286,201999979093671","5758220,713999658823013","7,621342860000027","51,966597510000042"
42249,2021,6,16,2,3,0,7,0,1,0,0,0,0,0,0,"406939,528999979607761","5756954,989999659359455","7,645744344000036","51,955499792000069"
42274,2021,6,14,7,3,5,2,0,1,1,0,0,0,0,0,"405077,930524726398289","5757443,619766198098660","7,618526987000052","51,959577151000076"
42284,2021,11,20,5,2,5,2,2,1,0,0,1,0,0,1,"403085,811999975703657","5760527,133999660611153","7,588672923000047","51,986948957000038"
42304,2021,2,15,6,3,0,5,0,1,1,0,0,0,0,0,"404926,654614211060107","5756832,630003679543734","7,616495126000075","51,954059484000027"
42313,2021,12,7,4,3,0,2,0,1,1,0,0,0,0,0,"404194,862097390927374","5754228,229872763156891","7,606575143000043","51,930524548000051"
42334,2021,5,18,3,3,2,6,0,1,0,0,0,0,0,0,"404859,298553642816842","5758314,654223849996924","7,615104767000048","51,967368978000081"
42343,2021,10,11,6,3,3,6,0,1,0,0,0,0,0,0,"406501,631386971101165","5759048,581679798662663","7,638803778000067","51,974244533000046"
42353,2021,5,18,3,3,5,3,0,1,1,0,0,0,0,0,"405654,596999978646636","5757012,944999657571316","7,627035315000057","51,955804205000049"
42365,2021,11,8,4,3,5,2,0,1,1,0,0,0,0,0,"404598,342583446763456","5755713,360038898885250","7,612029715000062","51,943942819000029"
42374,2021,11,5,7,2,0,7,2,1,0,0,0,0,0,0,"406279,905745828524232","5757396,875856928527355","7,636027607000074","51,959360895000032"
42381,2021,12,6,4,3,5,3,2,1,1,0,0,0,0,1,"402147,283157663419843","5750076,633108697831631","7,577983576000065","51,892852459000039"
42383,2021,11,7,5,2,5,3,0,1,1,0,0,0,0,1,"411415,971999985165894","5751922,725999658927321","7,712164975000064","51,910996963000059"
42391,2021,6,7,5,3,5,2,0,1,0,0,0,0,1,0,"409072,111999982967973","5752860,083999661728740","7,677852115000064","51,919044881000048"
42394,2021,12,16,1,3,5,3,1,1,1,0,0,0,0,0,"405471,092999979853630","5756324,462999658659101","7,624555085000054","51,949584665000032"
42408,2021,6,10,6,3,4,6,0,1,0,0,0,0,0,0,"406932,771825356408954","5757769,866864381358027","7,645425267000064","51,962823187000026"
42413,2021,9,14,3,3,5,2,0,1,1,0,0,0,0,0,"403021,107156218960881","5758692,064943460747600","7,588249614000063","51,970443589000070"
42419,2021,5,22,4,2,1,7,2,1,1,0,0,0,0,1,"406334,896126427687705","5758871,805783132091165","7,636425347000056","51,972627514000067"
42438,2021,2,16,5,3,0,6,0,1,1,0,0,0,0,0,"405479,920165733434260","5754975,805210292339325","7,625054242000033","51,937463817000037"
42445,2021,12,15,5,3,5,3,0,1,1,0,0,0,0,0,"407192,010287113487720","5750964,421696290373802","7,651033084000062","51,901695338000081"
42460,2021,12,11,6,3,3,6,0,1,0,0,0,0,0,1,"405018,652334816753864","5758088,257541052997112","7,617486261000067","51,965361288000054"
42467,2021,6,14,5,3,5,2,0,1,1,0,0,0,0,0,"406579,758999980054796","5751215,373999655246735","7,642068659000074","51,903848723000067"
42499,2021,9,12,6,3,6,1,0,1,0,1,0,0,0,0,"406373,961269246414304","5751108,285471606999636","7,639107243000069","51,902851604000034"
42509,2021,9,21,1,3,5,3,2,1,1,0,0,0,0,0,"405577,789566637016833","5757000,382653107866645","7,625921371000061","51,955678253000031"
42529,2021,9,12,7,3,0,3,0,1,1,0,0,0,0,0,"408593,240206689573824","5756453,966408200562000","7,669936059000065","51,951270574000034"
42532,2021,9,16,7,3,5,2,0,1,1,0,0,0,0,0,"398717,892999968491495","5753691,612999651581049","7,527101705000064","51,924731723000036"
42533,2021,10,17,5,3,0,3,0,1,1,0,0,0,0,1,"403808,366499125026166","5760942,214670171961188","7,599075382000024","51,990805416000057"
42548,2021,2,14,1,3,0,1,0,1,0,0,0,0,0,0,"406678,374787402339280","5757109,681666266173124","7,641903051000043","51,956846473000041"
42550,2021,3,19,3,3,0,6,0,1,0,0,0,0,0,0,"405486,843759504146874","5756396,869984753429890","7,624764284000037","51,950238167000066"
42551,2021,6,18,5,3,0,7,0,1,0,0,0,0,1,0,"404464,747191733680665","5755463,765539888292551","7,610156043000075","51,941676438000059"
42568,2021,7,21,7,2,0,1,1,1,0,0,0,0,0,0,"409826,518806770443916","5751846,777855761349201","7,689083854000046","51,910059225000055"
42571,2021,12,19,3,3,5,2,2,1,1,0,0,0,0,0,"404900,095999976620078","5755229,206999657675624","7,616552351000053","51,939642710000044"
42579,2021,4,21,7,3,9,5,2,1,1,0,0,0,0,1,"406503,268507594242692","5757244,132078319787979","7,639318938000031","51,958025564000081"
42580,2021,12,10,4,2,0,1,0,1,0,0,0,0,0,1,"405935,162514975294471","5756179,124392963945866","7,631345226000064","51,948356968000041"
42600,2021,12,14,6,3,6,6,0,1,0,1,0,0,0,0,"406786,548427639529109","5751254,091623285785317","7,645063113000049","51,904231377000031"
42624,2021,9,19,3,3,0,3,1,1,1,0,0,0,0,0,"405917,367867981083691","5756044,763539109379053","7,631123167000055","51,947146260000068"
42635,2021,5,16,2,3,3,6,0,1,0,0,0,0,0,0,"398462,109407407231629","5763532,689537862315774","7,520472775000030","52,013136842000051"
42673,2021,9,15,6,3,5,3,0,1,1,0,0,0,0,0,"401197,323503577150404","5753700,672328490763903","7,563143899000067","51,925258711000026"
42690,2021,6,17,5,2,4,1,0,1,0,0,0,0,0,0,"408600,865999982692301","5756449,564999658614397","7,670048161000068","51,951232264000055"
42711,2021,6,15,3,3,4,6,0,1,0,0,0,0,0,0,"406120,823557602241635","5756701,506572626531124","7,633903093000072","51,953083754000033"
42742,2021,4,17,7,3,0,3,0,1,1,0,0,0,0,0,"405969,506261212751269","5756350,391730893403292","7,631797924000068","51,949902207000036"
42763,2021,3,4,7,3,0,1,2,1,0,0,0,0,0,1,"406956,132750687189400","5758322,847567826509476","7,645615343000031","51,967797563000033"
42766,2021,6,18,7,3,5,2,0,1,1,0,0,0,0,0,"404759,177128992974758","5758420,111172782257199","7,613618578000057","51,968299718000026"
42800,2021,12,15,2,3,5,3,0,1,0,0,0,0,0,0,"403022,609999976120889","5754056,401999657973647","7,589579454000045","51,928777091000029"
42841,2021,11,9,5,3,5,2,0,1,1,0,0,0,0,0,"405574,374173711985350","5754356,046621786430478","7,626597918000073","51,931909170000040"
42843,2021,10,16,6,3,1,5,0,1,1,0,0,0,0,1,"404551,458999978378415","5756573,478999655693769","7,611109001000045","51,951665866000042"
42863,2021,12,11,5,3,5,3,0,1,1,0,0,0,0,1,"409779,406823834404349","5753868,841088481247425","7,687869299000056","51,928227364000065"
42866,2021,10,20,7,3,3,2,2,1,1,0,0,0,0,1,"405020,228897476568818","5757696,931440269574523","7,617617429000063","51,961844164000070"
42872,2021,12,18,1,3,0,1,2,1,0,0,0,0,0,0,"406679,386015188880265","5759300,281948735937476","7,641322389000038","51,976536811000074"
42873,2021,10,6,6,3,0,2,2,1,1,0,0,0,0,0,"406089,009610806591809","5758926,817101430147886","7,632831785000064","51,973080485000082"