objectid,ujahr,umonat,ustunde,uwochentag,ukategorie,uart,utyp1,ulichtverh,istrad,istpkw,istfuss,istkrad,istgkfz,istsonstig,ustrzustand,linrefx,linrefy,xgcswgs84,ygcswgs84
42875,2021,5,8,3,3,0,1,0,1,0,0,0,0,0,0,"404481,734188608825207","5761257,624560980126262","7,608791228000030","51,993756636000057"
42906,2021,7,14,3,3,5,2,0,1,1,0,0,0,0,0,"405968,729162006638944","5756448,308906257152557","7,631759830000021","51,950782201000038"
42927,2021,12,17,3,2,5,3,2,1,0,0,0,0,1,1,"404858,757647379301488","5758305,997776271775365","7,615099294000061","51,967291078000073"
42930,2021,2,14,5,3,5,3,0,1,1,0,0,0,0,0,"403481,377953597344458","5760694,653957676142454","7,594384385000069","51,988523546000067"
42981,2021,2,9,5,3,5,2,0,1,0,0,0,0,0,0,"403690,095948137342930","5758054,266249053180218","7,598164026000063","51,964827180000043"
42985,2021,6,8,4,3,5,3,0,1,1,0,0,0,0,0,"408147,520909886807203","5761314,845479985699058","7,662151462000054","51,994889392000061"
42990,2021,6,16,4,3,5,3,0,1,1,0,0,0,0,0,"405447,888269650749862","5755196,094068240374327","7,624527870000065","51,939438433000078"
42991,2021,6,7,1,3,0,1,0,1,0,0,0,0,0,0,"404400,144282563589513","5761264,628645665943623","7,607601309000074","51,993805551000037"
42995,2021,12,12,5,3,5,2,0,1,1,0,0,0,0,0,"403014,314481364563107","5758684,201846435666084","7,588152985000022","51,970371728000032"
42998,2021,4,6,3,3,5,3,0,1,1,0,0,0,0,0,"406963,794169961474836","5748791,257885020226240","7,648303234000025","51,882123535000062"
43034,2021,11,12,4,3,5,2,0,1,1,0,0,0,0,1,"405952,857057472690940","5756803,821503590792418","7,631431654000039","51,953975029000048"
43036,2021,6,7,2,3,4,2,0,1,1,0,0,0,0,0,"404287,544933546334505","5754564,979102721437812","7,607829045000074","51,933567333000042"
43040,2021,10,9,1,3,0,1,0,1,0,0,0,0,0,1,"402743,264213615097106","5757663,817936418578029","7,584497538000051","51,961152885000047"
43043,2021,11,10,4,3,0,3,0,1,1,0,0,0,0,0,"407067,075063735246658","5757777,801127780228853","7,647377287000040","51,962916971000027"
43073,2021,4,9,5,3,5,3,0,1,1,0,0,0,0,0,"402631,370874406769872","5753844,824676079675555","7,583951084000034","51,926807066000038"
43076,2021,7,16,5,3,0,7,0,1,0,0,0,0,0,0,"405681,251999978907406","5758064,911999659612775","7,627134228000045","51,965264265000030"
43092,2021,6,10,6,3,4,1,0,1,0,0,0,0,0,0,"403036,448243675753474","5758703,862066809087992","7,588469534000069","51,970552302000044"
43107,2021,4,15,5,3,5,3,0,1,1,0,0,0,0,0,"411569,435999984852970","5761236,835999663919210","7,711998540000025","51,994743660000040"
43112,2021,10,8,7,3,5,2,0,1,1,0,0,0,0,0,"412473,163578752428293","5753170,747761344537139","7,727213096000071","51,922382401000050"
43118,2021,6,10,4,2,0,7,0,1,0,0,0,0,0,0,"405541,862108722329140","5758085,588199254125357","7,625100268000040","51,965426444000059"
43141,2021,12,17,4,3,4,2,2,1,0,0,0,0,0,0,"404961,429999977350235","5758219,119999656453729","7,616617396000038","51,966527751000058"
43142,2021,5,8,6,3,5,3,0,1,1,0,0,0,0,0,"403588,576999976299703","5758614,383999655023217","7,596529570000030","51,969844094000052"
43146,2021,11,19,6,3,5,3,2,1,1,0,0,0,0,1,"408774,191990884020925","5753311,134124225005507","7,673401906000038","51,923050491000026"
43150,2021,4,14,3,3,2,6,0,1,0,0,0,0,0,0,"405397,523453831672668","5761168,043109392747283","7,622150086000033","51,993108206000045"
43157,2021,9,7,4,3,2,1,0,1,1,0,0,0,0,0,"407174,459991115145385","5760653,891676051542163","7,648161837000032","51,988786628000071"
43200,2021,9,19,1,3,5,3,0,1,1,0,0,0,0,0,"404598,527016921900213","5755713,704389439895749","7,612032302000046","51,943945945000053"
43206,2021,7,9,5,2,9,1,0,1,0,0,0,0,0,0,"401228,664524710737169","5756049,642296830192208","7,562925039000049","51,946377350000034"
43211,2021,4,15,4,3,5,3,0,1,1,0,0,0,0,0,"406246,670299165882170","5757418,260346746072173","7,635538221000047","51,959547506000035"
43229,2021,9,8,2,3,4,1,0,1,0,0,0,0,0,0,"403886,086541074328125","5753101,920163612812757","7,602400161000048","51,920347597000045"
43241,2021,9,15,3,3,5,3,0,1,0,0,0,0,1,0,"401525,309999971650541","5761604,808999653905630","7,565646000000072","51,996360811000045"
43248,2021,6,17,2,3,0,2,0,1,1,0,0,0,0,0,"404682,243747984059155","5758513,282016972079873","7,612473178000073","51,969123985000067"
43251,2021,6,17,5,3,0,6,0,1,0,0,0,0,0,0,"403193,668426140211523","5758113,490375166758895","7,590923950000047","51,965273278000041"
43257,2021,9,13,4,3,5,3,0,1,0,0,0,0,1,1,"406325,001607074402273","5756455,361766617745161","7,636940406000065","51,950905714000044"
43272,2021,6,18,3,3,5,3,0,1,0,0,0,0,0,0,"405081,101999976672232","5756917,961999656632543","7,618718362000038","51,954852865000078"
43278,2021,7,16,2,3,5,2,0,1,1,0,0,0,0,0,"406096,087672777473927","5758924,843987053260207","7,632935336000060","51,973063946000082"
43280,2021,12,7,6,3,0,2,1,1,1,0,0,0,0,1,"404223,160175208933651","5756341,274968346580863","7,606398093000053","51,949522291000051"
43342,2021,10,17,5,3,0,1,0,1,0,0,0,0,0,0,"406362,275999978184700","5757011,998999660834670","7,637330935000023","51,955915316000073"
43371,2021,5,15,6,2,5,3,0,1,0,0,0,0,0,0,"401364,571641533635557","5764609,543789777904749","7,562440210000034","52,023339178000072"
43399,2021,6,17,3,3,1,7,0,1,1,0,0,0,0,0,"404396,655010333284736","5758882,467985214665532","7,608214410000073","51,972393309000040"
43402,2021,9,16,6,2,0,1,0,1,0,0,0,0,0,0,"402684,151779572479427","5754818,981963565573096","7,584442906000049","51,935572331000060"
43407,2021,6,1,3,2,0,1,2,1,0,0,0,0,0,0,"405655,177511067129672","5754073,875554677098989","7,627850192000039","51,929386583000053"
43429,2021,11,19,1,3,0,3,2,1,1,0,0,0,0,1,"406386,790999979712069","5757327,129999663680792","7,637601713000038","51,958751992000032"
43438,2021,6,10,2,2,5,3,0,1,1,0,0,0,0,0,"409088,501794086769223","5752832,970299994572997","7,678097524000066","51,918803841000056"
43439,2021,11,13,7,3,5,3,0,1,1,0,0,0,0,0,"406654,384937895461917","5757654,069352606311440","7,641406104000055","51,961735671000042"
43442,2021,12,7,6,3,5,2,1,1,1,0,0,0,0,1,"404404,264651550911367","5755373,335275787860155","7,609301564000020","51,940853226000058"
43447,2021,9,6,4,3,3,2,0,1,0,0,0,0,0,0,"400850,970083557069302","5756461,871939031407237","7,557312741000032","51,950015356000051"
43449,2021,10,9,4,2,0,1,0,1,0,0,0,0,0,1,"408413,451114820316434","5758417,300174491479993","7,666797213000052","51,968888588000027"
43470,2021,11,13,4,3,0,4,0,1,0,1,0,0,0,1,"405913,372187599539757","5757913,325107932090759","7,630553364000036","51,963941070000033"
43481,2021,9,0,2,3,0,7,2,1,0,0,0,0,0,0,"405450,175291039049625","5759121,068145368248224","7,623480932000064","51,974718174000031"
43490,2021,11,10,2,3,3,2,0,1,1,0,0,0,0,1,"406819,837988801300526","5751259,709574939683080","7,645545340000069","51,904287443000044"
43499,2021,3,10,2,3,5,3,0,1,1,0,0,0,0,0,"410659,651369140483439","5760576,049261013045907","7,698923280000031","51,988658456000053"
43501,2021,9,11,5,3,8,1,0,1,0,0,0,0,0,1,"408814,652999982237816","5758533,049999663606286","7,672604968000030","51,969994979000035"
43503,2021,12,16,4,3,5,3,0,1,1,0,0,0,0,1,"406305,052999978885055","5756676,909999659284949","7,636589821000030","51,952893736000078"
43506,2021,11,7,3,3,5,3,1,1,1,0,0,0,0,1,"403933,873244618065655","5754805,419731345027685","7,602619273000073","51,935667569000032"
43527,2021,7,7,3,3,0,2,0,1,1,0,0,0,0,1,"403126,943647477775812","5758121,735839391127229","7,589950721000037","51,965335767000056"
43535,2021,1,15,6,3,5,3,0,1,1,0,0,0,0,0,"403703,422999976202846","5754051,717999657616019","7,599479171000041","51,928853186000026"
43549,2021,5,15,1,3,5,3,0,1,0,0,0,0,0,0,"403768,457460201345384","5758577,716476414352655","7,599157539000032","51,969545688000039"
43552,2021,10,14,3,2,0,1,0,1,0,0,0,0,0,1,"408010,040139845572412","5760369,360888194292784","7,660403279000036","51,986368134000031"
43565,2021,12,16,3,3,0,3,2,1,0,0,0,0,1,0,"408392,876196236349642","5753918,825021732598543","7,667696716000023","51,928450194000050"
43588,2021,7,10,3,3,0,2,0,1,1,0,0,0,0,1,"405910,211915727704763","5755984,771848587319255","7,631035502000032","51,946605816000044"
43600,2021,6,13,6,2,3,1,0,1,0,0,0,0,0,0,"405133,004870346747339","5757121,317396637052298","7,619417278000071","51,956689564000044"
43642,2021,5,3,7,3,8,1,2,1,0,0,0,0,0,0,"405155,514712647534907","5757212,382931096479297","7,619719617000044","51,957511939000028"
43652,2021,4,15,4,3,0,6,0,1,0,0,0,0,0,0,"404860,107137775048614","5758313,659606870263815","7,615116809000028","51,967360176000057"
43659,2021,11,13,6,3,0,2,0,1,1,0,0,0,0,1,"408727,511153442785144","5753396,482193581759930","7,672700644000031","51,923810005000064"
43674,2021,12,9,7,3,5,2,0,1,1,0,0,0,0,1,"405031,289669840596616","5758080,535369018092752","7,617672283000047","51,965294037000035"
43710,2021,4,13,4,3,5,2,0,1,1,0,0,0,0,0,"408795,245886909775436","5754078,383376859128475","7,673504657000024","51,929950483000027"
43711,2021,10,15,1,3,0,1,0,1,0,0,0,0,0,1,"406583,379372438415885","5759162,802252305671573","7,639962454000056","51,975284948000080"
43721,2021,10,10,3,3,5,3,0,1,1,0,0,0,0,0,"407168,980762686580420","5757930,609710671007633","7,648818755000036","51,964307518000055"
43722,2021,10,22,1,2,0,7,2,1,0,0,0,0,0,0,"408431,410072587430477","5756502,059381537139416","7,667569135000065","51,951676242000076"
43741,2021,10,9,3,2,4,6,0,1,0,0,0,0,0,1,"410508,629037287086248","5758945,137483861297369","7,697149968000076","51,973974433000080"
43744,2021,9,6,4,3,3,6,1,1,0,0,0,0,1,0,"406400,365167226642370","5757668,447202548384666","7,637706196000067","51,961822199000039"
43764,2021,6,15,3,3,5,2,0,1,1,0,0,0,0,0,"406714,879999979399145","5757661,391999658197165","7,642284320000044","51,961811644000079"
43773,2021,1,18,1,3,5,3,2,1,0,0,0,0,1,0,"407679,199711354449391","5761472,365110553801060","7,655289878000076","51,996227594000061"
43774,2021,7,23,7,2,0,1,2,1,0,0,0,0,0,1,"408570,214176266454160","5753637,911778634414077","7,670349739000073","51,925954321000063"
43784,2021,4,12,4,2,5,3,0,1,1,0,0,0,0,0,"411349,230183183215559","5752636,554362976923585","7,711011208000059","51,917402814000070"
43793,2021,4,14,7,3,0,4,0,1,1,1,0,0,0,0,"406681,465309049002826","5757107,633080111816525","7,641948570000068","51,956828578000056"
43795,2021,1,17,6,3,5,3,2,1,1,0,0,0,0,1,"405473,300129195675254","5754856,657868411391973","7,624990717000060","51,936391741000079"
43799,2021,11,10,3,3,5,3,0,1,1,0,0,0,0,0,"402694,077006976120174","5754851,318430194631219","7,584578084000043","51,935864717000072"
43825,2021,4,6,3,3,4,6,0,1,0,0,0,0,0,0,"405859,740999978035688","5753250,336999656632543","7,631049696000048","51,922018839000032"
43836,2021,10,14,5,2,5,3,0,1,1,0,0,0,0,0,"409201,285178448073566","5756170,738248137757182","7,678856024000027","51,948824336000030"
43870,2021,9,17,5,3,3,2,0,1,0,0,0,0,1,0,"406034,788822994567454","5756776,962620969861746","7,632630898000059","51,953747459000056"
43873,2021,10,5,6,3,5,3,2,1,0,0,0,0,0,0,"404219,943981128744781","5759077,647059002891183","7,605588223000041","51,974117217000071"
43902,2021,3,18,6,3,5,2,1,1,1,0,0,0,0,0,"405767,052287165075541","5755714,437655335292220","7,629027337000025","51,944151694000027"
43904,2021,11,9,5,3,5,3,0,1,1,0,0,0,0,0,"404004,996049094013870","5761392,742666430771351","7,601812004000067","51,994888913000068"
43914,2021,10,22,4,3,5,3,2,1,1,0,0,0,0,0,"405152,156571276485920","5756971,806777397170663","7,619737176000058","51,955348968000067"
43921,2021,7,8,3,2,5,7,0,1,1,0,0,0,0,1,"406723,064452731981874","5757080,058631688356400","7,642561259000047","51,956587705000061"
43923,2021,12,10,4,3,2,6,0,1,0,0,0,0,0,1,"404688,070607517845929","5758538,363237304612994","7,612551009000072","51,969350423000037"
43955,2021,7,10,6,3,0,3,0,1,1,0,0,0,0,0,"406088,946747321635485","5758926,834625555202365","7,632830865000074","51,973080632000062"
43957,2021,6,10,2,3,2,6,0,1,1,0,0,0,0,0,"404293,603999977000058","5759004,517999656498432","7,606680650000044","51,973472599000047"
43985,2021,4,7,4,2,0,6,0,1,0,0,0,0,1,0,"405946,015999978408217","5756806,164999656379223","7,631331492000072","51,953994937000061"
43991,2021,10,18,4,3,4,6,2,1,0,0,0,0,0,0,"402592,903832178562880","5757600,754611352458596","7,582327758000076","51,960559733000082"
44011,2021,6,1,4,3,9,1,2,1,0,0,0,0,0,1,"403208,700925058685243","5755253,448133453726768","7,591948241000068","51,939568942000051"
44028,2021,12,16,3,3,2,6,2,1,0,0,0,0,0,1,"405494,296098863705993","5751856,668905686587095","7,626119643000038","51,909429942000031"
44042,2021,6,16,6,3,0,1,0,1,0,0,0,0,0,0,"405386,589718456380069","5755638,714341072365642","7,623514638000074","51,943406484000036"
44051,2021,10,11,6,3,3,2,0,1,1,0,0,0,0,0,"406952,549999981187284","5758304,253999661654234","7,645568246000039","51,967629835000082"
44061,2021,5,7,2,3,5,2,0,1,1,0,0,0,0,0,"407637,971161924302578","5754832,044230332598090","7,656475715000056","51,936533997000026"
44085,2021,11,17,7,3,0,7,2,1,1,0,0,0,0,0,"405539,044479993171990","5756641,749921418726444","7,625456299000064","51,952448125000046"
44090,2021,9,13,6,3,0,3,0,1,1,0,0,0,0,0,"403067,412999974563718","5760216,256999656558037","7,588492931000076","51,984151507000036"
44117,2021,11,12,1,2,0,1,0,1,0,0,0,0,0,0,"406629,604877125471830","5756129,980011889711022","7,641459715000053","51,948032237000064"
44119,2021,12,17,5,3,3,2,2,1,1,0,0,0,0,0,"405458,522656012326479","5759120,907325059175491","7,623602465000033","51,974718148000079"
44173,2021,6,11,1,3,5,3,0,1,0,0,1,0,0,0,"404659,057745852507651","5755252,423865310847759","7,613040565000063","51,939810143000045"
44186,2021,11,8,2,3,5,3,0,1,1,0,0,0,0,1,"403993,256999975070357","5761414,572999661788344","7,601634963000038","51,995083100000045"
44194,2021,6,15,6,3,0,7,0,1,1,0,0,0,0,0,"405592,486160779371858","5756889,050545364618301","7,626165767000032","51,954680046000078"
44204,2021,9,9,4,3,5,3,0,1,1,0,0,0,0,0,"405578,327999978326261","5756998,950999662280083","7,625929598000027","51,955665476000036"
44213,2021,1,14,3,3,5,3,0,1,1,0,0,0,0,1,"407236,135999980382621","5751236,058999661356211","7,651601146000075","51,904144330000065"
44214,2021,6,8,5,3,5,3,0,1,1,0,0,0,0,0,"408416,299740183167160","5751425,574128009378910","7,668700391000073","51,906043076000060"
44230,2021,1,18,4,3,5,2,2,1,1,0,0,0,0,1,"405017,682625291869044","5757717,275562029331923","7,617574755000021","51,962026590000050"
44239,2021,10,17,2,3,5,2,0,1,1,0,0,0,0,0,"405428,197106653824449","5756136,602089628577232","7,623982810000030","51,947888796000029"
44240,2021,5,23,7,3,0,1,2,1,0,1,0,0,0,0,"404258,149785186164081","5748545,752670584246516","7,609074138000040","51,879458778000071"
44247,2021,9,8,5,2,6,7,0,1,0,1,0,0,0,0,"406929,618728039786220","5749168,327469475567341","7,647705141000074","51,885507171000029"
44255,2021,6,18,4,3,5,3,0,1,1,0,0,0,0,0,"403054,664287882857025","5758146,528273593634367","7,588891994000051","51,965546008000047"
44262,2021,4,16,3,3,0,7,0,1,0,0,0,0,0,0,"405683,780049814842641","5753902,925991699099541","7,628312912000069","51,927854852000053"
44277,2021,10,12,1,3,3,6,0,1,0,0,0,0,0,1,"403682,801330610178411","5755653,391780704259872","7,598730862000025","51,943246049000038"
44284,2021,6,8,2,3,5,2,0,1,1,0,0,0,0,0,"406165,184720505960286","5758559,671701375395060","7,634040773000038","51,969793286000026"
44285,2021,11,14,3,3,0,6,0,1,0,0,0,0,0,0,"405468,126711370423436","5755055,438109233975410","7,624860853000030","51,938177591000056"
44303,2021,9,17,3,3,5,2,0,1,1,0,0,0,0,0,"409480,456899750046432","5752249,336509035900235","7,683948548000046","51,913621580000040"
44306,2021,11,13,3,2,0,1,0,1,0,0,0,0,0,1,"404985,665586533956230","5763557,993887757882476","7,615490646000069","52,014519553000071"
44314,2021,12,8,2,3,5,3,1,1,1,0,0,0,0,0,"406307,862470924854279","5751065,777154428884387","7,638158319000070","51,902458404000072"
44315,2021,11,8,3,3,5,3,1,1,0,0,0,0,0,1,"405929,625851106829941","5756153,101469766348600","7,631271814000058","51,948122126000044"
44345,2021,11,19,2,3,0,1,2,1,0,0,0,0,0,1,"406419,860517876222730","5761347,106331164017320","7,636986586000035","51,994890914000052"
44366,2021,3,15,4,3,5,3,0,1,1,0,0,0,0,0,"404681,094878212548792","5758302,417773082852364","7,612515002000066","51,967228462000037"
44410,2021,9,9,4,2,5,3,0,1,1,0,0,0,0,0,"405227,361296191811562","5750565,592781266197562","7,622595328000045","51,897779744000047"
44443,2021,10,7,3,2,5,3,2,1,0,0,0,0,1,0,"401318,173999971710145","5748333,690999651327729","7,566437386000075","51,877040160000035"
44448,2021,5,12,6,3,0,7,0,1,0,0,0,0,0,0,"406712,945677398703992","5751241,886055475100875","7,643996862000051","51,904109347000031"
51487,2021,7,13,6,3,5,3,0,1,0,0,0,0,0,0,"405842,832699827849865","5760210,852944554761052","7,628896658000031","51,984580278000067"
51510,2021,8,11,4,3,0,3,0,1,1,0,0,0,0,0,"405506,124688534066081","5751876,280422361567616","7,626286169000025","51,909608227000035"
51559,2021,6,18,2,3,5,3,0,1,0,0,0,0,0,1,"403971,120802078396082","5757688,506092792376876","7,602355430000046","51,961588220000067"
51576,2021,8,7,5,3,5,3,0,1,1,0,0,0,0,0,"404035,269172664731741","5753644,989235537126660","7,604417348000027","51,925254655000060"
51640,2021,7,12,2,3,0,1,0,1,0,0,0,0,0,0,"404734,695343254134059","5748920,457829069346189","7,615891700000077","51,882908441000041"
51651,2021,8,9,6,3,5,2,0,1,1,0,0,0,0,1,"405412,610999978147447","5756062,067999657243490","7,623776613000075","51,947216200000071"
51673,2021,2,4,4,3,0,1,2,1,0,0,0,0,0,2,"407888,957386429421604","5758267,016692521050572","7,659204860000045","51,967451088000075"
51747,2021,7,17,7,3,5,3,0,1,1,0,0,0,0,1,"405954,579948107711971","5756803,231304278597236","7,631456879000041","51,953970016000028"
51768,2021,7,22,3,3,5,2,2,1,1,0,0,0,0,0,"403207,760999973863363","5755252,723999653011560","7,591934776000073","51,939562270000067"
51805,2021,8,17,2,3,5,2,0,1,0,0,0,0,0,0,"408130,803991632536054","5754274,366971677169204","7,663791418000073","51,931602833000056"
51815,2021,6,16,5,3,5,3,0,1,1,0,0,0,0,0,"403490,355999974533916","5760696,559999659657478","7,594514555000046","51,988542238000036"
51835,2021,8,14,7,3,3,6,0,1,0,0,0,0,0,1,"405550,429734712466598","5756692,535339940339327","7,625607961000071","51,952906540000072"
51836,2021,8,14,7,3,5,3,0,1,0,0,0,0,1,0,"403183,698999974876642","5759053,038999658077955","7,590513923000060","51,973716471000046"
51871,2021,7,15,3,3,5,3,0,1,0,0,1,0,0,0,"401977,245999974198639","5750177,854999650269747","7,575484611000036","51,893732396000075"
51905,2021,7,14,6,3,6,4,0,1,0,1,0,0,0,0,"406199,373873412609100","5757948,519593782722950","7,634705274000055","51,964305744000058"
52096,2021,8,7,4,3,5,3,0,1,1,0,0,0,0,0,"405131,231999976560473","5761746,616999661549926","7,618112742000051","51,998263204000068"
52149,2021,8,18,4,3,5,3,0,1,1,0,0,0,0,0,"406928,581367657519877","5749178,956493297591805","7,647687206000057","51,885602538000057"
52187,2021,6,14,7,3,5,3,0,1,1,0,0,0,0,0,"404140,446547318249941","5761305,508019469678402","7,603808629000071","51,994128220000050"
52198,2021,4,9,3,3,0,2,0,1,1,0,0,0,0,0,"404194,053999976255000","5754225,316999658942223","7,606564204000051","51,930498227000044"
52233,2021,8,17,4,2,5,6,0,1,1,0,0,0,0,0,"399241,733044927939773","5763041,220471343025565","7,531973357000027","52,008861620000062"
52244,2021,8,16,4,3,1,5,0,1,1,0,0,0,0,0,"405461,999378781765699","5755005,554846016690135","7,624785459000066","51,937728176000064"
52285,2021,8,15,6,3,5,3,0,1,1,0,0,0,0,0,"402439,080060336738825","5750151,472671329975128","7,582201453000039","51,893576298000028"
52287,2021,7,8,2,3,5,3,0,1,0,0,0,1,0,0,"405737,538999979384243","5753737,685999657958746","7,629139771000041","51,926378699000054"
52334,2021,7,18,4,3,0,6,0,1,0,0,0,0,1,0,"405233,709494078531861","5750571,313440149649978","7,622685990000036","51,897832244000028"
52366,2021,8,22,3,3,4,2,2,1,1,0,0,0,0,0,"406087,201999978162348","5758927,320999659597874","7,632805339000072","51,973084709000034"
52379,2021,4,14,5,3,4,2,0,1,1,0,0,0,0,0,"407221,709999979473650","5751347,411999659612775","7,651361535000035","51,905142837000028"
52430,2021,8,14,3,3,0,3,0,1,1,0,0,0,0,0,"408774,770291008986533","5754069,836987689137459","7,673209209000049","51,929870307000044"
52496,2021,8,19,1,2,5,2,0,1,1,0,0,0,0,0,"402294,862789039500058","5754693,759267430752516","7,578817751000031","51,934378581000033"
52638,2021,8,12,4,3,2,6,0,1,0,0,0,0,0,0,"405567,292606084607542","5756764,810211034491658","7,625833405000037","51,953559042000052"
52654,2021,8,17,2,3,5,2,0,1,1,0,0,0,0,0,"410243,667399028316140","5751952,391653440892696","7,695119019000060","51,911075939000057"
52658,2021,8,18,2,3,5,3,0,1,0,0,0,0,0,0,"403035,080999975092709","5757933,662999659776688","7,588667144000055","51,963629299000047"
52725,2021,8,18,2,3,0,2,0,1,0,0,0,0,0,0,"406007,110999978147447","5757793,151999661698937","7,631950218000043","51,962876757000060"
52735,2021,8,17,4,3,5,2,0,1,1,0,0,0,0,0,"405773,306999978609383","5758001,692999657243490","7,628491076000046","51,964711637000050"
52782,2021,8,9,6,3,0,3,0,1,1,0,0,0,0,0,"403962,630200856365263","5759325,030376285314560","7,601774103000025","51,976296369000067"
52822,2021,8,13,6,3,0,6,0,1,1,0,0,0,0,1,"404889,153482656925917","5761192,630341906100512","7,614741379000066","51,993242372000054"
52860,2021,7,13,7,3,1,5,0,1,1,0,0,0,0,0,"404032,671121144667268","5749032,557715758681297","7,605664070000046","51,883795653000050"
52871,2021,7,22,1,2,0,6,1,1,0,0,0,0,0,0,"406199,595321435481310","5756685,834664378315210","7,635053279000033","51,952956179000068"
52907,2021,7,17,7,2,5,3,0,1,1,0,0,0,0,0,"406677,445823521353304","5750282,320169592276216","7,643740788000059","51,895478256000047"
52938,2021,8,23,7,2,9,2,2,1,1,0,0,0,0,0,"405946,015999978408217","5756806,164999656379223","7,631331492000072","51,953994937000061"
52958,2021,8,23,6,3,7,1,2,1,0,0,0,0,0,0,"407084,695761027745903","5755512,335163788869977","7,648246227000072","51,942556718000048"
52959,2021,5,19,7,2,3,6,0,1,0,0,0,0,0,0,"403731,350763509981334","5758052,739642530679703","7,598764743000061","51,964820604000067"
52984,2021,8,13,3,3,1,3,0,1,1,0,0,0,0,0,"407889,057089393027127","5758267,040247164666653","7,659206304000065","51,967451316000052"
53075,2021,8,17,3,3,5,3,0,1,0,0,0,0,0,0,"404672,055303264409304","5759366,922679759562016","7,612087830000064","51,976795067000069"
53139,2021,5,13,5,3,1,5,0,1,1,0,0,0,1,0,"405384,425539621151984","5755925,579663190990686","7,623404216000040","51,945984589000034"
53170,2021,6,10,7,2,3,6,0,1,0,0,0,0,1,0,"405474,546572607941926","5759119,698423227295280","7,623836012000027","51,974710008000045"
53187,2021,8,18,3,3,0,3,0,1,1,0,0,0,0,0,"405380,767533290199935","5755685,394274296239018","7,623417114000063","51,943825074000074"
53218,2021,7,10,2,3,5,3,0,1,0,0,0,0,1,0,"403998,657936275005341","5761396,214747220277786","7,601718745000028","51,994919025000058"
53232,2021,8,21,3,3,4,1,2,1,0,1,0,0,0,0,"402687,705999975092709","5754820,392999654635787","7,584494190000044","51,935585636000042"
53267,2021,7,8,3,2,5,2,0,1,1,0,0,0,0,1,"401219,457612136378884","5763606,039235386997461","7,560615541000061","52,014293769000062"
53275,2021,8,9,3,3,5,2,0,1,1,0,0,0,0,0,"405609,972620777785778","5752103,621409175917506","7,627733107000040","51,911669292000056"
53299,2021,2,13,6,3,4,6,0,1,0,0,0,0,0,0,"406488,918818612582982","5757659,137473002076149","7,638997190000055","51,961753420000036"
53355,2021,6,23,7,1,5,3,2,1,1,0,0,0,0,0,"407680,344685686752200","5756831,867057168856263","7,656554876000030","51,954516574000081"
53378,2021,8,8,2,3,5,2,0,1,0,0,0,0,1,0,"403431,827999975532293","5758084,496999656781554","7,594397534000052","51,965054099000042"
53427,2021,8,13,6,3,5,3,0,1,1,0,0,0,0,1,"404929,831999978050590","5762787,505999661982059","7,614891204000060","52,007584605000034"
53757,2021,8,19,6,3,3,2,0,1,1,0,0,0,0,0,"405021,112656475044787","5758076,364483503624797","7,617525350000051","51,965254809000044"
53946,2021,8,10,1,2,5,3,0,1,1,0,0,0,0,0,"404053,122999975457788","5754946,132999656721950","7,604314076000037","51,936952927000050"
54153,2021,8,11,2,2,5,3,0,1,1,0,0,0,0,0,"404903,530999978072941","5762250,719999661669135","7,614657137000052","52,002755295000043"
54355,2021,4,13,4,3,5,2,0,1,1,0,0,0,0,0,"407058,187999980524182","5757262,265999663621187","7,647387474000027","51,958281592000048"
54514,2021,8,17,1,2,5,3,0,1,1,0,0,0,0,1,"407171,655999979935586","5757931,797999659553170","7,648857361000069","51,964318646000038"
163408,2021,10,18,3,2,0,1,0,1,0,0,0,0,0,1,"401688,294872677884996","5757559,380143575370312","7,569178250000050","51,960028634000082"
163415,2021,2,17,5,3,0,6,0,1,0,0,0,0,0,0,"402197,602177203632891","5749657,855299271643162","7,578833339000028","51,889097166000056"
163440,2021,6,8,4,3,5,1,0,1,1,0,0,0,0,0,"402081,444482765160501","5759305,096325051039457","7,574400336000053","51,975788897000029"
163441,2021,10,13,6,2,1,2,0,1,1,0,0,0,0,0,"399650,599279400892556","5756316,897297758609056","7,539894930000060","51,948497037000038"
163462,2021,10,10,7,2,5,3,0,1,1,0,0,0,0,0,"404257,370727392844856","5757633,617856087163091","7,606535598000050","51,961144232000038"
163472,2021,2,17,4,3,0,3,1,1,1,0,0,0,0,1,"403433,270999976433814","5755155,258999653160572","7,595241636000026","51,938725404000081"
163507,2021,10,15,5,3,5,3,0,1,1,0,0,0,0,0,"399324,324096196331084","5756145,811476582661271","7,535199339000030","51,946900344000028"
163529,2021,6,0,1,3,8,1,2,1,0,0,0,0,0,0,"403070,344814866781235","5757923,392472198233008","7,589183143000071","51,963543134000076"