objectid,ujahr,umonat,ustunde,uwochentag,ukategorie,uart,utyp1,ulichtverh,istrad,istpkw,istfuss,istkrad,istgkfz,istsonstig,ustrzustand,linrefx,linrefy,xgcswgs84,ygcswgs84
163538,2021,6,13,5,3,5,3,0,1,1,0,0,0,0,0,"404584,109787874855101","5758835,328312033787370","7,610955597000043","51,972001815000056"
163585,2021,12,6,4,3,5,3,2,1,1,0,0,0,0,0,"401571,620201985351741","5757094,143509976565838","7,567614045000028","51,955826347000027"
163589,2021,4,13,6,3,7,7,0,1,0,0,0,0,0,0,"404393,122168069705367","5756475,181186914443970","7,608833089000029","51,950755132000040"
163600,2021,1,20,3,3,5,7,2,1,1,0,0,0,0,1,"404552,944631712511182","5754264,547863513231277","7,611771496000074","51,930912510000041"
163602,2021,11,17,4,3,5,3,2,1,1,0,0,0,0,1,"404257,532999976538122","5754457,822999658063054","7,607422472000053","51,932599008000068"
163609,2021,6,12,3,3,5,2,0,1,1,0,0,0,0,0,"403386,945447622798383","5757162,043346324935555","7,594003923000059","51,956755003000069"
163628,2021,6,13,4,3,1,6,0,1,1,0,0,0,0,0,"404116,516986015252769","5754645,306046323850751","7,605319792000046","51,934259904000044"
163654,2021,11,12,3,3,5,3,0,1,1,0,0,0,0,0,"403674,197287454269826","5758245,377128941938281","7,597879078000062","51,966542190000041"
163695,2021,5,13,5,3,1,1,0,1,1,0,0,0,0,0,"402517,321721492335200","5758304,961941054090858","7,581028199000059","51,966876081000066"
163697,2021,6,9,5,3,8,1,0,1,0,0,0,0,0,0,"399897,487263676710427","5762429,264312880113721","7,541703016000042","52,003479991000063"
163722,2021,4,15,7,3,0,3,0,1,0,0,0,0,0,0,"404283,619999977760017","5748890,627999654039741","7,609348387000068","51,882563060000052"
163735,2021,5,16,3,2,5,3,0,1,1,0,0,0,0,0,"404052,275579672306776","5758911,500765465199947","7,603194455000050","51,972594917000038"
163745,2021,3,11,2,3,5,2,0,1,1,0,0,0,0,0,"403675,485017376951873","5758246,850428450852633","7,597897403000047","51,966555656000025"
163764,2021,7,10,6,2,0,7,0,1,0,0,0,0,0,0,"401786,484558120369911","5755688,111488386988640","7,571141593000050","51,943226587000026"
163794,2021,1,11,4,3,9,6,0,1,1,0,0,0,0,0,"403972,958185180090368","5761466,816814547404647","7,601324765000072","51,995549173000029"
163812,2021,12,13,3,3,4,6,0,1,0,0,0,0,0,0,"404448,796428759582341","5757560,622940439730883","7,609341078000057","51,960521058000040"
163815,2021,10,15,7,3,5,2,0,1,1,0,0,0,0,0,"402295,907999974675477","5754690,561999654397368","7,578833857000063","51,934350027000050"
163848,2021,10,19,7,3,0,1,1,1,0,0,0,0,0,0,"404302,768854843452573","5759643,395587112754583","7,606635872000027","51,979216622000081"
163855,2021,12,17,4,3,5,3,2,1,1,0,0,0,0,1,"402671,772054601460695","5758133,615247569978237","7,583324224000023","51,965363037000031"
163861,2021,6,9,1,3,0,7,0,1,0,0,0,0,1,0,"398473,140909030102193","5753507,117307927459478","7,523598082000035","51,923028878000082"
163863,2021,7,19,2,3,5,3,0,1,1,0,0,0,0,0,"404401,102168709039688","5760325,393421286717057","7,607877107000036","51,985363571000050"
163874,2021,6,10,7,3,1,5,0,1,1,0,0,0,0,0,"399205,216161888092756","5756858,709783293306828","7,533257898000045","51,953286366000043"
163882,2021,5,11,4,3,8,1,0,1,0,0,0,0,0,0,"403149,703935857862234","5759177,861834581941366","7,589983949000043","51,974832489000050"
163900,2021,4,19,6,3,5,3,0,1,1,0,0,0,0,0,"398617,600199510343373","5752859,052096892148256","7,525888886000075","51,917230326000038"
163902,2021,7,19,3,3,5,3,0,1,1,0,0,0,0,0,"404111,743536752648652","5761211,969282599166036","7,603416868000068","51,993282511000075"
163910,2021,11,13,6,3,3,2,0,1,1,0,0,0,0,0,"404632,849353854544461","5755087,078379878774285","7,612705273000074","51,938319458000080"
163963,2021,4,16,4,3,1,5,0,1,0,0,0,1,0,0,"403502,506368977949023","5753922,535616492852569","7,596594245000063","51,927657252000074"
164007,2021,6,15,6,3,5,3,0,1,1,0,0,0,0,0,"404392,910553777590394","5759058,966979943215847","7,608110752000073","51,973979098000029"
164012,2021,3,18,4,3,0,1,1,1,1,0,0,0,0,0,"400895,009564581327140","5761452,677121786400676","7,556512349000059","51,994881299000042"
164046,2021,11,9,2,2,0,3,0,1,1,0,0,0,0,0,"403707,817401925101876","5757401,213056564331055","7,598604977000036","51,958960396000066"
164054,2021,12,16,6,3,5,2,2,1,1,0,0,0,0,1,"401382,424810747615993","5758960,910222215577960","7,564325622000069","51,972571680000044"
164057,2021,3,17,2,3,5,2,0,1,0,0,0,0,0,0,"404486,408643126487732","5749046,489986658096313","7,612250598000060","51,883998801000075"
164095,2021,6,17,4,3,3,6,0,1,0,0,1,0,0,0,"403391,949861679226160","5757161,883451787754893","7,594076773000040","51,956754435000050"
164110,2021,10,21,6,2,0,1,2,1,0,0,0,0,0,0,"404590,856581441126764","5760265,153773255646229","7,610656211000048","51,984854740000060"
164127,2021,6,19,4,2,5,3,0,1,0,0,0,0,0,1,"404387,548514727503061","5755970,035062463954091","7,608892527000023","51,946213726000053"
164149,2021,9,0,4,3,0,1,2,1,0,0,0,0,0,0,"403463,471149947494268","5762169,722795600071549","7,593708287000027","52,001778730000069"
164155,2021,10,7,3,3,3,6,1,1,0,0,0,0,0,1,"402637,182893133722246","5758170,590566180646420","7,582810439000070","51,965689323000049"
164164,2021,4,3,5,3,0,1,2,1,0,0,0,0,0,0,"404502,504134763963521","5760765,178679415956140","7,609230802000070","51,989333946000045"
164185,2021,4,8,2,3,1,5,0,1,1,0,0,0,0,1,"399283,915811053477228","5756757,914814615622163","7,534432253000034","51,952394670000047"
164203,2021,3,13,1,3,5,3,0,1,1,0,0,0,0,0,"403695,773357234895229","5758764,359010644257069","7,598047459000043","51,971210700000029"
164228,2021,3,20,2,3,3,2,2,1,1,0,0,0,0,0,"404660,622800310142338","5757229,947303541004658","7,612514812000029","51,957585182000059"
164264,2021,12,12,1,3,5,3,0,1,1,0,0,0,0,0,"404446,769123985432088","5760730,189249515533447","7,608429119000050","51,989009865000071"
164301,2021,10,21,6,2,0,1,2,1,0,0,0,0,0,0,"404081,156619937159121","5757933,089514723047614","7,603888114000029","51,963805614000080"
164327,2021,9,12,7,3,0,6,0,1,1,0,0,0,0,0,"399283,229210744611919","5756766,770231407135725","7,534419670000034","51,952474139000060"
164356,2021,3,15,3,3,3,6,0,1,0,0,0,0,0,0,"404146,586999977007508","5761337,118999660015106","7,603889197000058","51,994413409000060"
164385,2021,6,7,2,3,6,4,0,1,0,1,0,0,0,0,"402414,297410621307790","5758390,149382013827562","7,579504849000045","51,967623690000039"
164452,2021,12,7,3,3,0,3,0,1,1,0,0,0,0,0,"401744,702910569496453","5757490,146188402548432","7,570018736000065","51,959416315000055"
164472,2021,11,14,4,3,0,2,0,1,1,0,0,0,0,0,"403874,237071352079511","5757415,148016912862659","7,601022297000043","51,959114443000033"
164501,2021,12,15,7,3,4,6,0,1,0,0,0,0,0,1,"403732,713385974057019","5757997,223762214183807","7,598800133000054","51,964321845000029"
164521,2021,12,23,5,3,3,6,2,1,0,0,0,0,0,0,"404923,243197905831039","5756879,964301209896803","7,616432402000044","51,954484360000038"
164523,2021,4,17,2,3,5,3,0,1,0,0,0,0,0,0,"406796,391999979503453","5757303,653999656438828","7,643567394000058","51,958609787000057"
164525,2021,11,19,2,3,2,5,2,1,0,0,0,0,0,1,"405893,176999979652464","5758383,339999658986926","7,630130696000037","51,968162352000036"
164541,2021,12,10,6,3,0,3,0,1,1,0,0,0,0,0,"406273,853281994350255","5751948,796914406120777","7,637423945000023","51,910389758000065"
164548,2021,12,8,2,3,0,1,0,1,0,0,0,0,0,2,"404921,447992370463908","5755170,272565847262740","7,616879161000043","51,939116631000047"
164550,2021,6,19,6,3,4,2,0,1,1,0,0,0,0,0,"406155,631999977864325","5756694,193999657407403","7,634411455000077","51,953023900000062"
164557,2021,5,16,6,3,0,1,0,1,1,0,0,0,0,0,"404739,630758053623140","5758757,061405712738633","7,613240642000051","51,971325002000071"
164560,2021,11,20,5,3,0,1,2,1,0,0,0,0,0,1,"405627,211570146493614","5753492,835306417196989","7,627602910000064","51,924159168000074"
164563,2021,3,15,2,3,3,6,0,1,1,0,0,0,0,0,"405368,612862377427518","5758784,609235186129808","7,622386627000026","51,971680064000054"
164567,2021,6,14,4,3,0,4,0,1,0,1,0,0,0,0,"405500,860437748022377","5757173,793210873380303","7,624754512000038","51,957223875000068"
164576,2021,4,17,4,3,0,1,0,1,0,0,0,0,0,1,"406432,904963113367558","5755851,173919057473540","7,638674489000039","51,945493136000039"
164579,2021,9,22,3,2,1,1,2,1,1,0,0,0,0,0,"405507,594183734618127","5755566,222495529800653","7,625294448000034","51,942775460000064"
164587,2021,2,13,6,3,1,5,0,1,1,0,0,0,0,0,"406448,607618550769985","5758015,451304020360112","7,638313599000071","51,964949355000044"
164595,2021,6,16,6,3,3,6,0,1,0,0,0,0,1,0,"406157,204454272054136","5757195,526968896389008","7,634297403000062","51,957530382000073"
164602,2021,5,12,1,2,1,1,0,1,1,0,0,0,0,0,"404867,349330166354775","5757581,743615290150046","7,615424950000033","51,960782672000050"
164604,2021,6,13,2,2,1,5,0,1,1,0,0,0,0,0,"405994,334093609824777","5756550,921132342889905","7,632104223000056","51,951708856000039"
164610,2021,6,7,4,3,5,2,0,1,0,0,0,0,0,0,"405337,798847637139261","5756881,559653466567397","7,622462734000067","51,954569420000041"
164618,2021,6,13,3,3,5,3,0,1,0,0,0,0,0,0,"409127,699999981559813","5757592,803999660536647","7,677409542000021","51,961594742000045"
164634,2021,10,16,7,3,5,3,0,1,1,0,0,0,0,0,"405902,444021944887936","5757239,050766846165061","7,630579074000025","51,957878541000071"
164643,2021,10,17,6,3,6,6,0,1,0,1,0,0,0,0,"405986,818884310312569","5757183,736245820298791","7,631821757000068","51,957395621000046"
164647,2021,11,11,4,3,5,2,0,1,1,0,0,0,0,1,"404872,088049202226102","5754413,962496345862746","7,616370498000038","51,932310152000071"
164660,2021,7,1,1,2,0,1,2,1,0,0,0,0,0,0,"406119,715681387111545","5757030,557688826695085","7,633797073000039","51,956041233000064"
164666,2021,6,19,6,3,0,1,0,1,0,0,0,0,0,0,"405442,344308687373996","5759029,103492895141244","7,623392296000077","51,973890226000037"
164668,2021,3,16,4,3,5,3,0,1,1,0,0,0,0,0,"405772,485740079544485","5758398,249745490029454","7,628370301000075","51,968275921000043"
164671,2021,6,17,3,3,0,3,0,1,1,0,0,0,0,0,"405321,157748557627201","5751433,169840715825558","7,623719796000046","51,905593916000043"
164676,2021,10,15,7,3,1,5,0,1,1,0,0,0,0,0,"405301,135649821721017","5757275,735745711252093","7,621820725000021","51,958106200000032"
164678,2021,6,7,5,2,0,2,0,1,0,0,0,0,0,0,"406408,155311552807689","5756522,477193815633655","7,638131724000061","51,951522979000060"
164688,2021,5,15,5,3,4,2,0,1,1,0,0,0,0,1,"406150,599174940958619","5756688,272841282188892","7,634339859000022","51,952969829000040"
164690,2021,7,20,4,3,4,2,1,1,0,0,0,0,0,0,"405879,070229934528470","5757259,082823911681771","7,630233527000030","51,958054642000036"
164696,2021,10,12,1,3,1,5,0,1,1,0,0,0,0,0,"404780,332770164124668","5759263,330982338637114","7,613692523000054","51,975882513000045"
164698,2021,9,13,3,3,5,2,0,1,1,0,0,0,0,0,"405996,819569230079651","5756569,972946563735604","7,632135167000058","51,951880522000067"
164704,2021,2,17,4,3,9,7,1,1,0,0,0,0,1,0,"405131,848097099922597","5750768,474806196987629","7,621151761000021","51,899587098000040"
164707,2021,12,13,6,3,0,1,0,1,0,0,0,0,0,1,"407017,163238828070462","5751119,808660117909312","7,648450518000061","51,903062898000030"
164708,2021,1,16,3,2,0,1,1,1,0,0,0,0,0,1,"405606,629527283832431","5757270,909246565774083","7,626266606000058","51,958114761000047"
164730,2021,6,8,2,3,3,2,0,1,1,0,0,0,0,0,"406180,159999979659915","5755208,502999659627676","7,635173738000049","51,939673924000033"
164737,2021,11,14,4,3,5,3,0,1,0,0,0,0,0,0,"404927,644083574414253","5755165,862082676962018","7,616970487000060","51,939078046000077"
164740,2021,4,14,2,3,5,7,0,1,1,0,0,0,0,0,"405996,416887939907610","5756566,886290216818452","7,632130153000048","51,951852710000026"
164741,2021,10,11,7,2,5,2,0,1,0,0,0,0,0,0,"405892,889829655177891","5758382,335610194131732","7,630126792000056","51,968153276000066"
164765,2021,4,16,4,3,0,1,0,1,0,0,0,0,0,0,"406763,214051119051874","5753875,310774827376008","7,644014354000035","51,927788480000061"
164775,2021,7,13,5,3,0,6,0,1,1,0,0,0,0,1,"406678,567046261392534","5756619,352319119498134","7,642039021000073","51,952439180000056"
164781,2021,5,15,4,3,4,6,0,1,0,0,0,0,0,0,"406134,500164920464158","5757460,921475168317556","7,633894569000063","51,959912039000073"
164788,2021,6,11,2,3,0,5,0,1,1,0,0,0,0,1,"404816,896105513907969","5754215,941678764298558","7,615622769000026","51,930520818000048"
164790,2021,4,12,7,3,7,3,0,1,1,0,0,0,0,0,"406675,903362884186208","5754916,408280944451690","7,642462536000039","51,937131793000049"
164795,2021,9,14,6,3,1,6,0,1,0,0,0,0,0,0,"405359,017338720150292","5757416,906229065731168","7,622623937000071","51,959384954000029"
164797,2021,2,16,5,2,1,6,0,1,0,0,0,0,0,0,"408058,821181457489729","5754807,682319521903992","7,662602224000068","51,936384710000027"
164799,2021,11,12,4,2,0,4,0,1,0,1,0,0,0,1,"405523,312611632980406","5757551,018991356715560","7,624977409000053","51,960618358000033"
164813,2021,12,11,3,3,3,6,0,1,1,0,0,0,0,0,"405064,608942131511867","5757066,396597953513265","7,618437413000038","51,956184241000074"
164820,2021,5,2,1,3,4,6,2,1,0,0,0,0,0,1,"407660,022861812263727","5757706,668487016111612","7,656024091000063","51,962376394000046"
164825,2021,6,14,4,3,1,5,0,1,1,0,0,0,0,0,"406055,081406945362687","5756826,269332181662321","7,632912621000060","51,954194079000047"
164831,2021,9,13,3,3,5,2,0,1,1,0,0,0,0,0,"405421,915999976918101","5757578,315999656915665","7,623494617000063","51,960846476000029"
164833,2021,6,17,2,3,5,3,0,1,1,0,0,0,0,0,"405779,476700414903462","5755018,751066545024514","7,629398657000024","51,937900637000041"
164836,2021,6,16,3,3,4,2,0,1,1,0,0,0,0,0,"405474,832999979145825","5758482,646999660879374","7,624015609000026","51,968983980000075"
164841,2021,2,17,6,2,5,3,1,1,1,0,0,0,0,0,"405237,585210373625159","5753183,666960394009948","7,622023723000041","51,921314032000055"
164847,2021,7,10,3,3,0,3,0,1,0,0,0,0,0,1,"405419,937999978661537","5758309,114999657496810","7,623264567000035","51,967414865000080"
164849,2021,6,18,7,3,1,5,0,1,1,0,0,0,0,0,"405799,556999978609383","5758418,563999660313129","7,628758670000025","51,968463102000044"
164857,2021,4,20,6,3,5,3,1,1,0,0,0,0,0,0,"408876,671749202534556","5756220,596253186464310","7,674120963000064","51,949219406000054"
164862,2021,10,12,1,3,0,6,0,1,1,0,0,0,0,0,"406477,180940913967788","5756130,177279315888882","7,639242567000053","51,948008403000074"
164863,2021,11,15,5,3,0,7,0,1,1,0,0,0,0,0,"407131,179077466949821","5756733,399718573316932","7,648592370000074","51,953540061000069"
164879,2021,5,15,3,2,0,1,0,1,0,0,0,0,0,1,"404919,224592952989042","5758374,786963159218431","7,615960140000027","51,967919727000037"
164881,2021,7,16,7,3,6,1,0,1,0,1,0,0,0,0,"406115,991764896549284","5757127,908719675615430","7,633716294000067","51,956915641000080"
164884,2021,4,18,1,3,5,3,0,1,1,0,0,0,0,0,"405749,445485624484718","5756563,417925845831633","7,628538473000049","51,951779737000038"
164887,2021,9,7,4,3,0,1,0,1,0,0,0,0,0,1,"405404,649850712157786","5757113,831548059359193","7,623371306000024","51,956668555000078"
164890,2021,9,19,1,3,0,1,2,1,0,0,0,0,0,0,"407159,762047596275806","5756600,903328491374850","7,649043975000041","51,952353886000026"
164892,2021,4,8,4,3,0,7,0,1,0,1,0,0,0,0,"405659,745086208917201","5757581,235252115875483","7,626954144000024","51,960913121000033"
164895,2021,2,16,6,3,0,7,0,1,1,0,0,0,0,0,"408752,210102759301662","5753689,432588705793023","7,672982052000066","51,926447285000052"
164911,2021,7,9,4,3,5,3,0,1,1,0,0,0,0,0,"405886,011056574061513","5758358,276831682771444","7,630033287000060","51,967935860000068"
164923,2021,9,12,2,2,5,3,0,1,0,0,0,0,0,0,"405885,049164650030434","5758354,912576975300908","7,630020212000034","51,967905458000075"
164924,2021,6,14,2,3,5,6,0,1,0,0,0,0,0,0,"411650,158396016806364","5752467,039727488532662","7,715429027000027","51,915926903000070"
164929,2021,12,7,4,3,4,2,2,1,1,0,0,0,0,2,"404824,265098245814443","5754514,015011386945844","7,615647457000023","51,933201292000035"
164938,2021,9,15,2,3,4,2,0,1,0,0,0,0,1,0,"405425,048999977298081","5758255,197999658063054","7,623353792000046","51,966931106000061"
164940,2021,12,0,7,3,0,1,2,1,0,0,0,0,0,1,"406447,894706140272319","5758013,532584154978395","7,638303749000045","51,964931989000036"
164943,2021,9,14,6,3,5,3,0,1,0,0,0,0,0,0,"405627,464999978430569","5758065,369999658316374","7,626351444000022","51,965259254000046"
164945,2021,10,7,3,3,5,3,1,1,0,0,0,0,0,1,"409383,816721121780574","5752512,837038069963455","7,682474579000029","51,915974394000045"
164948,2021,12,8,2,3,5,2,0,1,1,0,0,0,0,0,"405070,714907711371779","5761121,696356493979692","7,617404570000076","51,992635858000028"
164950,2021,10,12,6,3,6,4,0,1,0,1,0,0,0,1,"406326,674419099465013","5757741,594026841223240","7,636614043000066","51,962467266000033"
164954,2021,3,13,2,3,3,2,0,1,0,0,0,0,0,0,"408661,718924065120518","5755629,034523386508226","7,671151405000046","51,943866826000033"
164959,2021,6,3,5,2,0,1,2,1,0,0,0,0,0,0,"405966,628834730014205","5757174,262091200798750","7,631530614000042","51,957307049000065"
164965,2021,5,12,1,3,5,2,0,1,0,0,1,0,0,0,"408078,584358231164515","5754805,408696919679642","7,662890227000048","51,936367538000070"
164967,2021,4,11,4,3,0,7,0,1,1,0,0,0,0,0,"405576,872836174443364","5757712,945584792643785","7,625712172000021","51,962082922000036"
164970,2021,11,10,5,2,0,7,0,1,0,0,0,0,0,1,"409789,944275299087167","5761161,356657346710563","7,686107194000044","51,993778983000027"
164973,2021,3,18,4,2,3,1,0,1,1,0,0,0,0,0,"405136,300322391092777","5759260,865168783813715","7,618874122000022","51,975921231000029"
164990,2021,12,19,2,3,0,1,2,1,0,0,0,0,0,1,"407504,665836106985807","5757647,252722125500441","7,653779600000064","51,961816508000027"
164998,2021,11,8,2,3,0,1,0,1,0,0,0,0,0,1,"406191,784917023032904","5757377,181898314505816","7,634750896000071","51,959169017000079"
165007,2021,6,18,4,3,0,1,0,1,0,0,0,0,0,0,"406034,924385755322874","5756771,271828263998032","7,632634426000038","51,953696330000071"
165009,2021,9,9,2,3,5,3,0,1,0,0,0,0,0,0,"405654,542986135929823","5751481,225502897053957","7,628551324000057","51,906082426000069"
165012,2021,6,11,4,3,5,2,0,1,1,0,0,0,0,0,"405362,405999978072941","5758424,701999656856060","7,622395515000051","51,968444016000035"
165018,2021,10,11,3,3,0,3,0,1,0,0,0,0,0,1,"406674,108804217539728","5757851,640874579548836","7,641639399000042","51,963514851000070"
165033,2021,6,11,5,3,3,5,0,1,1,0,0,0,0,0,"406885,917185354046524","5757333,237998284399509","7,644861880000065","51,958890703000066"
165043,2021,5,23,5,3,0,3,2,1,0,0,0,0,0,1,"405043,399999978020787","5758357,062999656423926","7,617772028000047","51,967781644000070"
165053,2021,5,8,3,3,5,3,0,1,1,0,0,0,0,0,"404825,231014299206436","5762035,427414353936911","7,613576640000076","52,000806758000067"
165055,2021,10,7,2,3,0,5,0,1,1,0,0,0,0,0,"406002,309792079962790","5756615,639674335718155","7,632202541000026","51,952291924000065"
165058,2021,10,17,6,3,0,5,0,1,1,0,0,0,0,0,"405738,063999977894127","5757151,739999655634165","7,628211514000043","51,957065911000029"
165061,2021,6,2,5,3,8,5,2,1,1,0,0,0,0,0,"405340,164999978616834","5757396,139999659731984","7,622355374000051","51,959195089000048"
165083,2021,11,13,6,3,0,6,0,1,1,0,0,0,0,0,"406755,553612577728927","5756944,044778643175960","7,643070837000039","51,955370593000055"
165086,2021,4,18,6,3,5,3,0,1,0,0,0,0,0,0,"405885,021251123398542","5758354,814948322251439","7,630019833000063","51,967904576000080"
165095,2021,6,11,3,3,0,1,0,1,0,0,0,0,0,0,"406747,329999980516732","5758278,367999659851193","7,642588926000030","51,967362769000033"
165116,2021,9,14,5,3,5,3,0,1,1,0,0,0,0,0,"405766,887999977916479","5756904,328999659046531","7,628698716000031","51,954846956000040"
165121,2021,10,13,6,3,3,6,0,1,1,0,0,0,0,0,"405844,659767662175000","5758888,493105143308640","7,629286120000074","51,972694669000077"
165122,2021,10,13,3,2,0,7,0,1,0,0,0,0,0,1,"407288,546118578873575","5758012,576233793050051","7,650536411000076","51,965064228000074"
165126,2021,12,8,3,3,0,2,1,1,1,0,0,0,0,0,"408941,482820733450353","5756190,147261949256063","7,675071783000021","51,948956325000040"
165142,2021,11,8,6,2,5,3,0,1,1,0,0,0,0,1,"405904,268398708663881","5757237,484523952007294","7,630606045000036","51,957864771000061"
165148,2021,9,12,5,3,0,5,0,1,1,0,0,0,0,0,"404891,236012917011976","5758772,838006399571896","7,615442577000067","51,971492772000033"
165157,2021,6,16,3,3,5,3,0,1,1,0,0,0,0,0,"406316,452127160504460","5756317,579491624608636","7,636853599000062","51,949665819000074"
165158,2021,2,16,5,3,0,6,0,1,0,0,0,0,0,0,"407192,881739129312336","5759915,046714305877686","7,648629958000072","51,982148616000075"
165168,2021,11,7,3,3,0,1,1,1,0,0,0,0,0,1,"406197,249613318592310","5756146,347762288525701","7,635166399000070","51,948106616000075"
165194,2021,6,8,4,3,3,6,0,1,1,0,0,0,0,0,"407962,086550229229033","5757219,041152294725180","7,660549881000065","51,958043414000031"
165203,2021,1,14,5,2,5,3,0,1,1,0,0,0,0,0,"405126,506028710864484","5754513,568019982427359","7,620042363000039","51,933248879000075"
165205,2021,6,8,3,3,5,7,0,1,1,0,0,0,0,0,"406414,937999978661537","5758165,447999659925699","7,637782791000063","51,966291929000079"
165206,2021,9,15,7,3,5,3,0,1,0,0,0,0,0,0,"407381,088999980129302","5752989,066999658942223","7,653236167000045","51,919925549000027"
165214,2021,11,17,4,3,0,7,2,1,0,0,0,0,0,1,"406198,348726551048458","5756151,187116213142872","7,635181066000030","51,948150299000076"
165227,2021,3,17,4,3,0,7,0,1,0,0,0,0,0,0,"405324,528999978676438","5755195,013999657705426","7,622734190000074","51,939407749000054"
165231,2021,10,11,7,3,3,6,0,1,0,0,0,0,0,0,"405489,101999977603555","5757139,439999654889107","7,624592895000035","51,956913095000061"
165236,2021,3,12,2,3,5,3,0,1,0,0,0,0,0,1,"404791,080613623373210","5754767,311859792098403","7,615094830000032","51,935472357000037"
165247,2021,5,20,6,3,0,1,1,1,0,0,0,0,0,1,"405461,526999978348613","5757865,851999659091234","7,623991795000052","51,963437707000026"
165265,2021,9,13,6,3,5,7,0,1,1,0,0,0,0,0,"406339,481581360101700","5757772,282102335244417","7,636792022000066","51,962745262000055"
165272,2021,10,16,5,3,0,6,0,1,1,0,0,0,0,0,"404769,357643426395953","5756658,524329520761967","7,614255118000074","51,952467640000066"
165277,2021,5,13,4,2,5,2,0,1,1,0,0,0,0,0,"405828,904999978840351","5759024,385999660938978","7,629019549000077","51,973913462000041"
165280,2021,3,0,7,2,0,1,2,1,1,0,0,0,0,0,"405369,467443778179586","5756793,322615737095475","7,622947736000071","51,953781698000057"
165285,2021,6,7,3,3,8,4,0,1,0,1,0,0,0,0,"406951,930388934910297","5751108,734009623527527","7,647505603000070","51,902952462000030"
165295,2021,10,4,6,2,8,7,2,1,0,0,0,0,0,1,"405959,012392840348184","5758566,950430670753121","7,631038441000044","51,969823865000080"
165297,2021,5,2,7,3,8,7,2,1,0,0,0,0,0,0,"408083,528332377783954","5753083,309240128844976","7,663422104000063","51,920889059000046"
165303,2021,9,17,3,3,0,5,0,1,0,0,0,0,1,0,"406152,246999979950488","5757433,611999660730362","7,634160236000071","51,959669565000070"
165307,2021,10,17,6,2,0,1,0,1,0,0,0,0,0,0,"405188,960718883201480","5753899,741620002314448","7,621119634000024","51,927742169000055"
165309,2021,12,19,4,3,5,3,2,1,0,0,0,0,0,0,"406583,094183104112744","5757943,542542276903987","7,640290083000025","51,964325621000057"
165317,2021,6,16,5,3,0,7,0,1,0,1,0,0,0,0,"406199,097440332174301","5758103,906592639163136","7,634658807000051","51,965702387000078"
165319,2021,5,13,5,3,5,3,0,1,1,0,0,0,0,1,"411488,809999984689057","5760787,703999660909176","7,710940487000073","51,990693706000059"
165325,2021,6,17,7,2,0,7,0,1,0,0,0,0,0,0,"404761,588038607500494","5758299,871872508898377","7,613687015000039","51,967219376000060"
165327,2021,3,8,6,3,9,7,0,1,0,0,0,0,0,0,"406629,833881959319115","5754971,639182029291987","7,641777597000043","51,937620509000055"
165330,2021,3,18,6,3,5,3,1,1,0,0,0,0,0,0,"405721,675361234694719","5755001,616605147719383","7,628562793000071","51,937736835000067"
165333,2021,2,13,4,2,0,1,0,1,0,0,0,0,0,0,"405439,835706596262753","5759014,340483646839857","7,623359854000057","51,973757103000082"
165335,2021,9,19,5,3,5,3,0,1,1,0,0,0,0,0,"405540,838444975204766","5751256,525711003690958","7,626960570000051","51,904043439000077"
165340,2021,9,18,3,3,5,3,1,1,1,0,0,0,0,0,"407104,686669242568314","5758416,249314744025469","7,647751832000040","51,968661951000058"
165344,2021,3,13,2,2,5,3,0,1,1,0,0,0,0,0,"405220,194438840262592","5753183,434757491573691","7,621770980000065","51,921308985000053"
165355,2021,11,9,6,2,0,3,0,1,1,0,0,0,0,1,"406194,504121546633542","5755264,494135698303580","7,635367069000040","51,940179619000048"
165356,2021,9,10,4,3,5,3,0,1,1,0,0,0,0,1,"405884,439999978058040","5758352,781999656930566","7,630011931000070","51,967886204000081"
165366,2021,3,13,6,2,0,1,0,1,0,0,0,0,0,0,"409787,796255616471171","5752010,874141849577427","7,688478102000033","51,911527973000034"
165379,2021,11,8,5,3,0,4,0,1,0,1,0,0,0,0,"406099,155020988546312","5756952,340877635404468","7,633519330000070","51,955334713000070"
165409,2021,6,18,3,3,5,2,0,1,1,0,0,0,0,0,"405878,532684925012290","5758306,763543451204896","7,629938584000058","51,967471570000043"
165413,2021,9,15,2,3,3,3,0,1,0,0,1,0,0,0,"408122,637867113575339","5757095,653607087209821","7,662918734000073","51,956960888000026"