objectid,ujahr,umonat,ustunde,uwochentag,ukategorie,uart,utyp1,ulichtverh,istrad,istpkw,istfuss,istkrad,istgkfz,istsonstig,ustrzustand,linrefx,linrefy,xgcswgs84,ygcswgs84
165432,2021,2,18,4,3,5,2,1,1,1,0,0,0,0,0,"406133,686992588452995","5756425,605121027678251","7,634165579000069","51,950605992000078"
165434,2021,10,12,4,3,5,3,0,1,1,0,0,0,0,0,"405207,306753186509013","5757217,586763359606266","7,620471679000048","51,957567545000074"
165436,2021,9,17,2,3,0,1,0,1,0,0,0,0,0,0,"406414,063182435929775","5756973,216827917844057","7,638094905000059","51,955575441000065"
165438,2021,9,13,6,2,0,1,0,1,0,0,0,0,0,0,"405448,279999978840351","5755193,312999656423926","7,624534331000064","51,939413502000036"
165453,2021,11,7,3,3,0,1,0,1,0,0,0,0,0,1,"404765,782663715071976","5755647,002360863611102","7,614483361000055","51,943375057000026"
165457,2021,4,11,5,3,5,1,0,1,0,0,0,0,0,0,"405803,013874815776944","5757458,498577833175659","7,629072318000055","51,959834201000035"
165462,2021,9,7,5,3,0,1,0,1,0,0,0,0,0,0,"407773,678531230427325","5754538,694378864020109","7,658527817000049","51,933919703000072"
165466,2021,6,15,4,3,0,3,0,1,0,0,0,0,1,0,"407007,007838838733733","5754273,574014505371451","7,647451261000072","51,931409075000033"
165467,2021,5,18,1,3,0,1,0,1,0,0,0,0,0,0,"406959,028680822812021","5758494,486909881234169","7,645610970000064","51,969340827000053"
165473,2021,6,10,5,3,2,6,0,1,0,0,0,0,0,0,"405291,388448110781610","5757581,242663316428661","7,621594684000058","51,960850563000065"
165475,2021,11,14,4,3,5,2,0,1,1,0,0,0,0,1,"406433,046883204020560","5757978,677553895860910","7,638097194000068","51,964616197000055"
165486,2021,6,18,7,2,5,3,0,1,1,0,0,0,0,0,"410914,220554267987609","5760561,785171065479517","7,702633285000047","51,988571129000036"
165489,2021,9,10,2,2,0,1,0,1,0,0,0,0,0,0,"407941,787004175595939","5756755,802454305812716","7,660378665000053","51,953876202000060"
165507,2021,10,18,2,2,0,1,0,1,0,0,0,0,0,0,"404805,780792944133282","5753818,525444129481912","7,615571092000039","51,926946765000082"
165510,2021,11,16,3,3,5,2,2,1,0,0,0,0,1,1,"406032,603744032792747","5756777,994590317830443","7,632598828000027","51,953756365000061"
165517,2021,5,13,3,3,5,3,0,1,0,0,1,0,0,0,"407621,604824195615947","5761027,920798536390066","7,654570988000046","51,992223134000028"
165519,2021,4,16,5,2,0,1,0,1,0,0,0,0,0,1,"405600,352457519620657","5757551,531802397221327","7,626098165000030","51,960636053000030"
165527,2021,2,23,3,3,0,1,2,1,0,0,0,0,0,0,"405116,542747346684337","5756685,517955880612135","7,619298127000036","51,952769610000075"
165530,2021,12,11,2,3,0,7,0,1,0,0,0,0,0,2,"407452,544999979436398","5757858,322999659925699","7,652964357000030","51,963705046000030"
165543,2021,5,11,6,2,5,3,0,1,1,0,0,0,0,0,"407888,842367012985051","5758484,428992182016373","7,659144856000069","51,969405289000065"
165546,2021,11,8,6,2,0,1,0,1,0,1,0,0,0,1,"404889,164576750248671","5757933,443076148629189","7,615644957000029","51,963947616000041"
165548,2021,7,8,2,3,0,3,0,1,0,0,0,0,0,1,"406112,863999980501831","5757493,588999656960368","7,633570847000044","51,960202017000029"
165552,2021,10,22,3,3,8,1,2,1,0,0,0,0,0,0,"405849,400391381233931","5754472,215212523937225","7,630565094000076","51,932999943000027"
165558,2021,6,12,4,3,5,3,0,1,1,0,0,0,0,0,"407126,778999980539083","5756611,642999658361077","7,648561267000048","51,952444913000079"
165560,2021,11,5,1,3,5,3,2,1,0,0,0,0,0,1,"405622,472610983997583","5757086,272517029196024","7,626547826000035","51,956457854000064"
165572,2021,5,16,2,3,4,6,0,1,1,0,0,0,0,0,"407374,452855477109551","5760695,624469749629498","7,651062230000036","51,989195130000041"
165574,2021,7,16,5,3,5,1,0,1,1,0,0,0,0,0,"405468,059916664846241","5758375,501444106921554","7,623946547000060","51,968019759000072"
165575,2021,12,5,4,3,3,7,2,1,1,0,0,0,0,1,"405973,935833371244371","5758596,510409587994218","7,631247519000055","51,970092088000058"
165577,2021,10,2,7,3,6,1,2,1,0,1,0,0,0,0,"409083,719537271186709","5753219,436284393072128","7,677925951000077","51,922276881000073"
165580,2021,9,11,5,3,0,3,0,1,1,0,0,0,0,0,"405210,985999978147447","5755828,763999659568071","7,620908265000025","51,945084842000028"
165586,2021,6,20,5,3,5,3,0,1,0,0,0,0,0,1,"408579,587712847627699","5756838,146293038502336","7,669635251000045","51,954721571000050"
165594,2021,4,17,3,2,4,3,0,1,0,0,0,0,1,0,"405955,769071407616138","5758230,363788569346070","7,631083440000054","51,966797928000062"
165598,2021,10,11,6,3,5,3,0,1,1,0,0,0,0,0,"407714,715549279004335","5751462,192624974995852","7,658495066000057","51,906256445000054"
165600,2021,3,18,2,3,1,7,1,1,1,0,0,0,0,0,"404904,527605838142335","5758350,062379788607359","7,615753119000033","51,967694979000044"
165602,2021,11,7,4,3,6,7,1,1,0,1,0,0,0,1,"405850,982738279737532","5751264,812451243400574","7,631465110000022","51,904170423000039"
165608,2021,6,13,6,3,5,3,0,1,1,0,0,0,0,0,"405208,893999977968633","5757219,746999656781554","7,620494175000033","51,957587232000037"
165610,2021,10,15,3,3,5,3,0,1,0,0,0,0,0,1,"406464,033895857632160","5758832,685832459479570","7,638315418000047","51,972297636000064"
165611,2021,7,20,1,3,1,5,0,1,1,0,0,0,0,0,"407200,780770751647651","5756591,663203308358788","7,649643171000037","51,952277676000051"
165612,2021,7,3,2,3,4,6,2,1,0,0,0,0,0,0,"405628,759583890438080","5758070,617631768807769","7,626368839000065","51,965306641000041"
165619,2021,5,11,6,3,0,3,0,1,0,0,0,0,0,0,"406324,262892608530819","5758304,749470142647624","7,636425330000066","51,967528762000029"
165629,2021,10,18,2,3,3,5,1,1,1,0,0,0,0,0,"405846,314158539287746","5758762,178755011409521","7,629344845000048","51,971559582000054"
168891,2021,7,7,1,3,5,3,0,1,1,0,0,0,0,0,"405330,537999978289008","5765929,350999664515257","7,619858359000034","52,035892988000057"
168925,2021,7,11,1,3,0,6,0,1,0,0,0,0,0,0,"406126,721383397467434","5756676,044077370315790","7,633995846000062","51,952855881000062"
168934,2021,7,22,3,3,0,7,2,1,0,0,0,0,0,1,"406230,825860637240112","5754916,470455531030893","7,635990184000036","51,937057530000061"
168986,2021,7,0,4,2,3,6,2,1,0,0,0,0,0,0,"405822,707608911208808","5758831,247092861682177","7,628982346000043","51,972176398000045"
168999,2021,8,9,3,3,7,1,0,1,0,0,0,0,0,0,"405972,630219590850174","5758009,162486726418138","7,631389368000043","51,964812525000070"
169018,2021,7,17,3,3,0,2,0,1,0,0,0,0,0,0,"405622,801658006384969","5757091,641963517293334","7,626551138000025","51,956506173000037"
169092,2021,7,17,6,3,0,7,0,1,0,0,0,0,0,0,"404529,567914311774075","5757706,674802076071501","7,610475662000056","51,961847702000057"
169098,2021,5,14,1,3,0,1,0,1,0,0,0,0,0,0,"408363,700077235698700","5764296,606431530788541","7,664501522000023","52,021726673000046"
169119,2021,8,3,6,2,1,7,2,1,1,0,0,0,0,0,"406629,684999980032444","5758745,583999661728740","7,640749904000074","51,971542578000026"
169136,2021,8,15,2,3,3,2,0,1,1,0,0,0,0,0,"403980,500999976880848","5757465,333999654278159","7,602554296000051","51,959583893000058"
169372,2021,4,8,6,3,1,5,0,1,1,0,0,0,0,0,"405979,133963288739324","5750639,215261381119490","7,633497977000047","51,898568853000029"
169444,2021,7,6,3,3,5,3,0,1,1,0,0,0,0,0,"404655,843999977223575","5752738,798999655991793","7,613690260000055","51,917216045000032"
169451,2021,6,13,3,3,5,3,0,1,1,0,0,0,0,0,"401136,648850054480135","5758791,533664427697659","7,560797617000048","51,971005630000036"
169476,2021,5,15,4,3,5,3,0,1,1,0,0,0,0,0,"404069,585999975912273","5758513,216999657452106","7,603557680000051","51,969018000000062"
169537,2021,8,13,6,3,4,6,0,1,0,0,0,0,0,0,"407853,066999981179833","5756810,732999658212066","7,659073272000057","51,954355256000042"
169583,2021,7,2,1,3,0,1,2,1,0,0,0,0,0,0,"402898,474999975413084","5757447,028999652713537","7,586817061000033","51,959231453000029"
169641,2021,8,12,2,3,1,7,0,1,1,0,0,0,0,0,"405838,499999978579581","5758980,602999661117792","7,629171205000034","51,973521548000065"
169703,2021,8,19,4,3,5,2,0,1,0,0,0,0,1,1,"404370,636988141573966","5757635,700852014124393","7,608183000000054","51,961182448000045"
169748,2021,8,9,7,3,0,7,0,1,0,0,0,0,0,0,"405678,917255632579327","5757318,763205511495471","7,627305165000053","51,958557160000055"
169822,2021,6,2,1,3,4,6,2,1,0,1,0,0,0,0,"407243,115008941851556","5756572,836867790669203","7,650264090000064","51,952115517000038"
169848,2021,8,7,5,3,0,5,0,1,1,0,0,0,0,0,"406816,404024703428149","5756900,836404385045171","7,643967806000035","51,954992414000060"
169873,2021,8,12,2,3,5,3,0,1,1,0,0,0,0,0,"404363,515999976545572","5755718,021999657154083","7,608613084000069","51,943944403000046"
170047,2021,8,17,2,3,0,7,0,1,1,0,0,0,0,0,"399278,553977587260306","5760103,999858833849430","7,533372687000053","51,982468520000054"
170083,2021,7,18,1,3,0,1,0,1,0,0,0,0,0,1,"406128,618999979458749","5758081,205999663099647","7,633639462000076","51,965486447000046"
170348,2021,7,4,7,3,4,6,2,1,0,0,0,0,1,0,"406128,618999979458749","5758081,205999663099647","7,633639462000076","51,965486447000046"
170551,2021,8,7,2,3,5,3,0,1,0,0,0,0,1,0,"407754,214999980293214","5757287,844999661669135","7,657507096000074","51,958627415000080"
170924,2021,7,18,1,3,0,1,0,1,0,0,0,0,0,1,"406128,618999979458749","5758081,205999663099647","7,633639462000076","51,965486447000046"
21968,2022,1,6,4,3,5,2,2,1,1,0,0,0,0,0,"403014,173248262028210","5758686,165114490315318","7,588150375000050","51,970389350000097"
22904,2022,1,12,4,3,5,3,0,1,1,0,0,0,0,1,"405361,824999978009146","5755733,299999659880996","7,623128425000060","51,944252450000100"
23216,2022,1,14,7,3,3,6,0,1,0,0,0,0,0,0,"406856,606775401975028","5759560,713752109557390","7,643831115000070","51,978907429000103"
23321,2022,1,11,2,3,5,2,0,1,1,0,0,0,0,0,"406087,201999977987725","5758927,320999659597874","7,632805339000070","51,973084708999998"
23852,2022,1,15,2,3,5,2,0,1,1,0,0,0,0,0,"405019,896999977005180","5757700,723999660462141","7,617611551000040","51,961878196000001"
23975,2022,1,14,2,3,5,7,0,1,0,1,0,0,0,0,"405323,796054568025284","5758209,062572110444307","7,621893122000070","51,966499186000100"
24297,2022,1,22,1,3,0,3,2,1,1,0,0,0,0,1,"405575,873999978997745","5757005,475999659858644","7,625892104000060","51,955723708999997"
24602,2022,1,13,4,3,5,7,0,1,1,0,0,0,0,1,"406378,993881709990092","5757332,405453429557383","7,637486834000070","51,958798098000003"
24706,2022,1,7,5,3,7,1,2,1,0,0,0,0,0,0,"404321,742999977024738","5756263,405999659560621","7,607853742000030","51,948839341999999"
24746,2022,1,11,5,3,0,3,0,1,1,0,0,0,0,0,"405019,896999977005180","5757700,723999660462141","7,617611551000040","51,961878196000001"
25029,2022,1,16,2,3,5,2,1,1,1,0,0,0,0,1,"406571,655999979004264","5761250,889999659731984","7,639223065000070","51,994051640000102"
25033,2022,1,17,1,3,1,1,2,1,1,0,0,0,0,1,"404690,684351379983127","5758610,731859019957483","7,612568954000040","51,970001347000000"
25211,2022,1,20,4,3,5,3,2,1,1,0,0,0,0,1,"405404,312999979010783","5756016,686999659985304","7,623668405000050","51,946806885000100"
25280,2022,1,7,3,3,5,3,2,1,1,0,0,0,0,1,"403998,657936275005341","5761396,214747220277786","7,601718745000030","51,994919025000101"
25290,2022,1,19,6,3,5,2,2,1,1,0,0,0,0,1,"403685,045521062973421","5755654,834400120191276","7,598763097000070","51,943259404000102"
25521,2022,1,13,2,3,5,3,0,1,1,0,0,0,0,0,"404505,947023065993562","5755540,786987660452724","7,610733836000070","51,942375810999998"
25611,2022,1,14,3,3,0,2,0,1,1,0,0,0,0,0,"405973,714940238976851","5751708,280451619997621","7,633127563000070","51,908177281000100"
25677,2022,1,9,5,3,5,3,0,1,1,0,0,0,0,1,"408145,238999981025700","5761316,038999659940600","7,662117916000060","51,994899743000097"
25744,2022,1,16,2,3,0,1,1,1,0,0,0,0,0,1,"407223,713719316991046","5757956,038747600279748","7,649608299000020","51,964545224000098"
25749,2022,1,11,5,3,0,4,0,1,0,1,0,0,0,0,"405482,677103304013144","5756377,709679350256920","7,624708944000080","51,950065238000001"
25780,2022,1,15,3,3,3,6,0,1,1,0,0,0,0,0,"406508,303999978990760","5757239,883999659679830","7,639393355000040","51,957988227000001"
25918,2022,1,7,6,3,0,3,0,1,1,0,0,0,0,1,"412546,285894718021154","5753054,028088379651308","7,728305785000030","51,921344714999996"
25935,2022,2,8,4,3,0,1,0,1,0,0,0,0,0,0,"402687,705999974976294","5754820,392999649979174","7,584494190000040","51,935585635999999"
26181,2022,2,11,4,3,5,3,0,1,0,0,0,0,1,0,"406208,938999979000073","5757441,278999660164118","7,634982973000040","51,959748044999998"
26210,2022,1,19,2,3,5,3,2,1,1,0,0,0,0,1,"403802,505999977001920","5760932,148999660275877","7,598992882000060","51,990713927999998"
26463,2022,2,8,5,3,5,2,0,1,1,0,0,0,0,0,"405790,495177577016875","5753474,265321180224419","7,629981777000070","51,924019907000101"
26483,2022,1,14,2,2,2,6,0,1,0,0,0,0,0,0,"406430,937770250020549","5758996,477054609917104","7,637789105000020","51,973764295000102"
26816,2022,2,11,6,3,0,2,0,1,1,0,0,0,0,1,"405610,577999976987485","5756975,108999660238624","7,626405320000060","51,955456648999998"
26897,2022,1,7,2,3,6,4,1,1,0,1,0,0,0,0,"404653,849049517011736","5760486,589001050218940","7,611511656000060","51,986855890000101"
27024,2022,1,7,6,3,5,2,0,1,1,0,0,0,0,0,"403035,875618138990831","5758335,944991829805076","7,588565112000030","51,967245262000098"
27051,2022,2,5,6,3,0,3,2,1,0,0,1,0,0,1,"403040,488787789014168","5758123,306149479933083","7,588692285000040","51,965334809000097"
27122,2022,2,21,1,3,6,7,2,1,0,1,0,0,0,0,"405920,058103352028411","5757909,569786599837244","7,630651678000050","51,963908447000101"
27195,2022,2,11,6,3,5,2,0,1,1,0,0,0,0,1,"406280,483516854001209","5757396,510417670011520","7,636036113000050","51,959357707999999"
27244,2022,1,8,4,3,0,6,0,1,1,0,0,0,0,0,"406551,130470487987623","5757204,654872310347855","7,640026012000020","51,957678770000001"
27314,2022,1,11,7,3,3,2,0,1,1,0,0,0,0,0,"403032,421999977028463","5758526,368999660015106","7,588461076000040","51,968956243000001"
27323,2022,1,17,1,3,5,3,2,1,1,0,0,0,0,0,"405073,670999978028703","5757449,222999650053680","7,618463466000040","51,959626788000001"
27408,2022,2,7,3,3,5,3,1,1,1,0,0,0,0,0,"401578,335999973001890","5757085,122999650426209","7,567714328000020","51,955746456999996"
27441,2022,2,8,5,3,0,1,0,1,0,0,0,0,0,1,"406589,002553296973929","5758738,853682209737599","7,640159676000050","51,971475247000100"
27477,2022,2,14,2,3,3,6,0,1,0,0,0,0,0,0,"406836,429344049014617","5757701,122687639668584","7,644042093000050","51,962189144000000"
27482,2022,1,7,2,3,0,7,1,1,0,1,0,0,0,0,"404896,935999977984466","5758262,322999659925699","7,615666950000050","51,966905044999997"
27556,2022,2,7,4,3,5,3,0,1,1,0,0,0,0,1,"404436,277693910989910","5755103,119511290453374","7,609842220000080","51,938429918000097"
27758,2022,3,11,3,3,0,3,0,1,0,0,0,0,1,0,"403887,851999977021478","5753107,964999659918249","7,602424137000070","51,920402236000001"
27823,2022,2,22,5,2,0,1,2,1,0,0,0,0,0,0,"406051,685193066019565","5756765,684224830009043","7,632879779000060","51,953648938000100"
27896,2022,2,8,4,3,8,1,0,1,0,0,0,0,0,2,"401628,203999973018654","5761520,762999660335481","7,567168338000040","51,995623631000100"
28385,2022,2,18,4,3,5,3,2,1,1,0,0,0,0,1,"406724,745999978971668","5757078,943999660201371","7,642586026000060","51,956577967999998"
28491,2022,2,11,4,3,5,3,0,1,1,0,0,0,0,1,"404645,978999977000058","5760313,865999660454690","7,611445104000040","51,985302047000097"
28677,2022,3,12,6,3,4,6,0,1,0,0,0,0,0,0,"406620,915831570979208","5759227,675038279965520","7,640491123000060","51,975874363999999"
28740,2022,2,13,6,3,5,3,0,1,1,0,0,0,0,1,"404389,893999979016371","5759062,468999659642577","7,608065875000020","51,974010057000001"
28815,2022,2,15,5,3,4,6,0,1,0,0,0,0,0,1,"404005,010999976017047","5758508,219999659806490","7,602619372000050","51,968961935999999"
28820,2022,3,17,6,3,9,6,0,1,1,0,0,0,0,0,"405509,072778626985382","5756499,183114419691265","7,625059502000060","51,951161580000097"
28940,2022,2,19,6,3,6,4,2,1,0,1,0,0,0,1,"406402,614247623016126","5757175,079108599573374","7,637873353000030","51,957387949000100"
28991,2022,2,16,2,3,3,6,0,1,1,0,0,0,0,0,"404353,477903704973869","5756439,985344059765339","7,608266208000030","51,950431962000003"
28997,2022,2,20,3,3,3,6,2,1,1,0,0,0,0,1,"406549,461419840983581","5756698,470629010349512","7,640139404000020","51,953128655999997"
29049,2022,3,17,6,3,0,6,0,1,0,0,0,0,1,0,"404265,004554122977424","5754484,501025680452585","7,607523687000030","51,932840087000002"
29077,2022,2,14,4,2,3,2,0,1,0,0,0,1,0,0,"405972,618999978993088","5752311,447999659925699","7,632946998000020","51,913598688000000"
29276,2022,2,5,4,3,5,2,2,1,1,0,0,0,0,1,"403403,738999960012734","5758087,945999659597874","7,593987847000050","51,965080220000097"
29295,2022,2,17,3,3,5,3,0,1,1,0,0,0,0,0,"402607,068999974988401","5753832,596999649889767","7,583601234000070","51,926692909000103"
29361,2022,2,15,7,3,3,2,0,1,1,0,0,0,0,0,"403974,377424396981951","5757465,119301400147378","7,602465264000050","51,959580905000102"
29394,2022,3,17,6,3,0,2,0,1,1,0,0,0,0,0,"405554,609441454987973","5757002,542943939566612","7,625583554000060","51,955693734000100"
29423,2022,2,11,5,3,0,2,0,1,1,0,0,0,0,0,"406853,876999981002882","5757712,090999660082161","7,644292985000050","51,962290656000100"
29577,2022,3,14,6,3,5,3,0,1,1,0,0,0,0,0,"407182,379214957996737","5760817,449992969632149","7,648232860000060","51,990258091000001"
29731,2022,2,6,5,3,5,2,2,1,1,0,0,0,0,0,"405019,896999977005180","5757700,723999660462141","7,617611551000040","51,961878196000001"
29770,2022,3,14,3,3,0,3,0,1,1,0,0,0,0,0,"407171,655999979993794","5757931,797999659553170","7,648857361000070","51,964318646000002"
30015,2022,3,15,7,3,0,2,0,1,1,0,0,0,0,0,"405603,839978898991831","5754289,029650590382516","7,627044746000020","51,931311786999999"
30059,2022,3,15,6,2,5,3,0,1,1,0,0,0,0,0,"409503,958323670027312","5753919,006020910106599","7,683851239000030","51,928633568000102"
30072,2022,3,15,4,3,3,6,0,1,0,0,0,0,0,0,"405154,540863167028874","5756960,345363649539649","7,619775026000070","51,955246355000000"
30142,2022,3,11,6,3,5,3,0,1,1,0,0,0,0,0,"407974,461496074975003","5759755,639957220293581","7,660049969000060","51,980845797000001"
30433,2022,3,9,7,3,3,6,0,1,1,0,0,0,0,0,"404966,366464447986800","5756849,654332179576159","7,617068122000030","51,954219293000101"
30476,2022,3,10,6,3,5,3,0,1,1,0,0,0,0,0,"398684,029800280986819","5753524,513225619681180","7,526658608000050","51,923223651000100"
30582,2022,3,14,4,3,5,3,0,1,1,0,0,0,0,0,"403998,657936275005341","5761396,214747220277786","7,601718745000030","51,994919025000101"
30598,2022,3,13,4,3,6,6,0,1,0,1,0,0,0,0,"404664,270058010006323","5759674,179558149538934","7,611889150000020","51,979555464000001"
30750,2022,3,21,4,3,1,5,2,1,1,0,0,0,0,0,"404687,914913473010529","5758301,695315940305591","7,612614445000080","51,967223138000101"
30771,2022,3,9,5,3,3,2,0,1,1,0,0,0,0,0,"412339,490168072981760","5752437,117754429578781","7,725456560000050","51,915766876000099"
30794,2022,3,18,3,3,5,2,0,1,1,0,0,0,0,0,"405373,525999978010077","5761218,921999660320580","7,621786638000060","51,993561436000000"
30828,2022,3,15,5,3,0,3,0,1,1,0,0,0,0,0,"403937,609202880994417","5754810,209494819864631","7,602672261000070","51,935711266000098"
30839,2022,3,9,7,3,5,2,0,1,1,0,0,0,0,0,"404651,017467550002038","5760119,002382819540799","7,611572620000060","51,983551411000100"
31149,2022,3,15,3,3,1,3,0,1,0,0,0,0,0,0,"403847,662566912011243","5754781,180479059927166","7,601372428000050","51,935434808000103"
31180,2022,3,5,1,2,8,1,0,1,0,0,0,0,0,0,"398671,044183817983139","5751022,783864559605718","7,527205767000050","51,900735447000002"
31243,2022,3,21,7,3,4,6,2,1,0,0,0,0,1,0,"405139,702743333997205","5758233,714596400037408","7,619207489000080","51,966689383000102"
31370,2022,3,7,2,3,3,3,0,1,1,0,0,0,0,0,"407028,152999980025925","5760011,474999659694731","7,646205922000040","51,982987815999998"
31397,2022,3,0,4,2,0,1,2,1,0,0,0,0,0,0,"407043,895750630006660","5757871,838900930248201","7,647014565000060","51,963758355000003"
31417,2022,4,15,7,3,5,3,0,1,1,0,0,0,0,1,"405544,770999978005420","5756669,024999660439789","7,625532105000050","51,952694258000101"
31430,2022,4,10,3,3,5,3,0,1,1,0,0,0,0,1,"405654,596999978995882","5757012,944999660365283","7,627035315000060","51,955804205000000"
31494,2022,3,20,7,3,0,3,2,1,1,0,0,0,0,0,"407040,993841030984186","5761100,525579280219972","7,646097640000050","51,992778858000101"
31575,2022,3,14,1,3,9,1,0,1,0,1,0,0,0,0,"405144,451267583004665","5757006,137027000077069","7,619615603000060","51,955656228000102"
31729,2022,4,19,4,3,1,1,0,1,1,0,0,0,0,0,"405677,307266331976280","5755640,014138190075755","7,627742479000060","51,943467532000099"
31811,2022,3,16,3,3,3,3,0,1,1,0,0,0,0,0,"407458,837302830012050","5754239,615996619686484","7,654030123000040","51,931179149000101"
31840,2022,4,7,6,3,5,3,0,1,1,0,0,0,0,1,"403504,949999974982347","5760699,557999660260975","7,594726177000040","51,988571720000003"
31876,2022,4,15,2,3,4,2,0,1,1,0,0,0,0,1,"405449,743999978003558","5758145,272999660111964","7,623743413000060","51,965947256000000"
31915,2022,4,12,6,3,0,2,0,1,0,0,0,0,1,0,"403207,760999973979779","5755252,723999650217593","7,591934776000070","51,939562270000103"
32116,2022,4,15,2,3,5,3,0,1,1,0,0,0,0,0,"406128,461999979976099","5757704,004999659955502","7,633740283000070","51,962095966000000"
32127,2022,4,14,4,3,4,6,0,1,0,0,0,0,0,0,"411025,608999983000103","5751986,295999660156667","7,706475015000020","51,911506159000098"
32133,2022,3,8,3,3,5,3,0,1,1,0,0,0,0,0,"404220,157014248019550","5759077,437601169571280","7,605591382000060","51,974115371000003"
32278,2022,3,16,5,3,6,6,0,1,0,1,0,0,0,0,"405877,064999977999832","5757933,717999660409987","7,630019481000030","51,964118225000000"
32359,2022,4,16,2,3,5,2,0,1,1,0,0,0,0,0,"409317,437999981979374","5754008,424999659880996","7,681115752000040","51,929406970999999"
32381,2022,3,19,7,3,5,2,2,1,1,0,0,0,0,0,"405773,306999979016837","5758001,692999660037458","7,628491076000050","51,964711637000100"
32402,2022,3,13,4,3,3,6,0,1,0,0,0,0,0,0,"405515,095574660983402","5756524,659204729832709","7,625140109000030","51,951391592999997"
32412,2022,4,10,6,3,7,5,0,1,0,0,0,0,1,1,"406352,048752904986031","5757673,921620559878647","7,637001698000060","51,961863268999998"
32421,2022,3,15,7,3,5,3,0,1,1,0,0,0,0,0,"406402,614247623016126","5757175,079108599573374","7,637873353000030","51,957387949000100"
32487,2022,4,13,3,3,5,2,0,1,1,0,0,0,0,0,"406877,758469577005599","5755876,804329570382833","7,645137845000020","51,945798160000002"
32588,2022,4,14,2,3,5,3,0,1,1,0,0,0,0,0,"405609,972662304004189","5752103,621487029828131","7,627733108000030","51,911669293000003"
32601,2022,3,14,5,3,0,2,0,1,1,0,0,0,0,0,"405477,762999979022425","5754900,428999659605324","7,625043586000060","51,936785934000099"
32604,2022,4,12,7,2,5,3,0,1,1,0,0,0,0,1,"403183,698999974993058","5759053,038999659940600","7,590513923000060","51,973716471000003"
32670,2022,4,6,4,3,5,3,1,1,1,0,0,0,0,0,"405645,787999977997970","5757040,246999659575522","7,626899663000070","51,956048113000101"
32740,2022,4,1,7,2,0,1,2,1,0,0,0,0,0,0,"406215,674999977985863","5754999,776999659836292","7,635747145000040","51,937803778000003"
32828,2022,4,8,4,3,5,2,0,1,0,0,0,0,0,0,"405968,413136160990689","5757190,915837699547410","7,631552015000070","51,957457042000001"
33045,2022,4,14,7,3,0,1,0,1,0,0,0,0,0,0,"399285,734999970009085","5757015,186999649740756","7,534383311000060","51,954707384000102"
33180,2022,4,21,3,3,5,3,2,1,1,0,0,0,0,0,"403022,609999976004474","5754056,401999659836292","7,589579454000050","51,928777091000001"
33268,2022,4,11,5,3,5,2,0,1,0,0,0,0,1,0,"408287,172999982023612","5760804,439999659545720","7,664321460000050","51,990324682000100"
33447,2022,4,19,3,3,3,2,0,1,1,0,0,0,0,0,"405404,312999979010783","5756016,686999659985304","7,623668405000050","51,946806885000100"
33451,2022,5,16,2,3,3,4,0,1,0,1,0,0,0,0,"405374,128937622008380","5755631,197818939574063","7,623335477000070","51,943336803000101"
33517,2022,5,12,7,2,7,3,0,1,1,0,0,0,0,0,"411161,750643901003059","5751951,272983260452747","7,708462754000040","51,911213076000102"
33559,2022,4,8,4,3,5,3,0,1,1,0,0,0,0,0,"403504,949999974982347","5760699,557999660260975","7,594726177000040","51,988571720000003"
33636,2022,4,13,5,3,5,3,0,1,1,0,0,0,0,0,"405130,740999979025219","5757065,174999659880996","7,619399846000020","51,956184547000099"
33815,2022,4,20,7,3,4,6,0,1,0,0,0,0,1,0,"405657,288288137991913","5756973,591145140118897","7,627085273000030","51,955450932000097"
33936,2022,4,9,4,3,5,3,0,1,1,0,0,0,0,0,"405421,711558435985353","5756104,740487930364907","7,623897242000060","51,947601307000099"
34059,2022,4,7,4,3,5,2,0,1,1,0,0,0,0,0,"408550,255298335978296","5753668,319203020073473","7,670051484000060","51,926224364000099"
34152,2022,4,15,3,3,6,4,0,1,0,1,0,0,0,0,"409783,850999984017108","5753867,874999660067260","7,687934169000070","51,928219400000003"
34199,2022,5,10,3,3,5,2,0,1,1,0,0,0,0,0,"405435,184999978984706","5755190,813999660313129","7,624344582000050","51,939388813999997"
34310,2022,4,20,7,3,5,2,1,1,1,0,0,0,0,0,"407221,709999979007989","5751347,411999659612775","7,651361535000040","51,905142837000000"
34438,2022,5,10,7,3,3,2,0,1,1,0,0,0,0,0,"405574,813999979989603","5754354,143999650143087","7,626604836000070","51,931892142999999"
34487,2022,4,17,4,3,5,3,0,1,1,0,0,0,0,0,"407083,637602969014551","5751306,436629760079086","7,649366145000040","51,904751514000097"