objectid,ujahr,umonat,ustunde,uwochentag,ukategorie,uart,utyp1,ulichtverh,istrad,istpkw,istfuss,istkrad,istgkfz,istsonstig,ustrzustand,linrefx,linrefy,xgcswgs84,ygcswgs84
34531,2022,5,9,6,3,5,3,0,1,1,0,0,0,0,0,"407561,669999979028944","5761421,806999660097063","7,653592129000060","51,995753600999997"
34577,2022,5,20,1,3,0,1,0,1,0,0,0,0,0,0,"406206,374747621011920","5756684,545601249672472","7,635152252000070","51,952945736000103"
34745,2022,5,17,5,3,3,6,0,1,0,0,0,0,0,0,"405477,762999979022425","5754900,428999659605324","7,625043586000060","51,936785934000099"
34846,2022,5,8,2,3,5,3,0,1,0,0,0,0,0,0,"406063,776255014992785","5757742,585285980254412","7,632788548000060","51,962431817999999"
34904,2022,4,12,2,3,0,3,0,1,1,0,0,0,0,0,"406128,461999979976099","5757704,004999659955502","7,633740283000070","51,962095966000000"
34909,2022,5,9,3,3,5,3,0,1,1,0,0,0,0,0,"403008,771965047984850","5758690,420537480153143","7,588070571000060","51,970426656000001"
34976,2022,5,11,7,3,0,5,0,1,1,0,0,0,0,0,"401138,603999971994199","5761917,612999659962952","7,559925046000050","51,999103619000003"
34993,2022,5,6,2,3,5,2,0,1,1,0,0,0,0,0,"404650,300999977975152","5760135,902999660000205","7,611557492000030","51,983703197000096"
35019,2022,5,14,1,2,5,2,0,1,0,0,0,0,0,0,"405773,306999979016837","5758001,692999660037458","7,628491076000050","51,964711637000100"
35078,2022,5,7,6,3,4,6,0,1,0,0,0,0,0,0,"398717,892999968025833","5753691,612999649718404","7,527101705000060","51,924731723000001"
35099,2022,5,10,4,3,4,2,0,1,1,0,0,0,0,0,"406596,982762805011589","5761190,339813970029354","7,639608333000070","51,993511648999998"
35123,2022,5,17,5,3,5,3,0,1,1,0,0,0,0,0,"408121,059006195981055","5760390,764504269696772","7,662013772000020","51,986578895000001"
35159,2022,5,22,7,2,8,1,2,1,0,0,0,0,0,0,"405516,778999980015215","5756531,779999660328031","7,625162639000050","51,951455883999998"
35335,2022,5,20,2,3,0,1,0,1,0,0,0,0,0,0,"407963,278999981004745","5754487,652999660000205","7,661298480000030","51,933492300000097"
35398,2022,5,11,1,3,5,3,0,1,1,0,0,0,0,0,"405724,843999976990744","5753734,786999659612775","7,628955999000030","51,926350491999997"
35455,2022,5,13,7,2,5,2,0,1,1,0,0,0,0,0,"405874,756373091018759","5753183,459931409917772","7,631286262000060","51,921420252000097"
35478,2022,5,19,4,3,0,2,0,1,1,0,0,0,0,0,"405898,773911635973491","5752299,112252029590309","7,631877073000060","51,913475335999998"
35703,2022,5,16,2,3,3,6,0,1,1,0,0,0,0,1,"405576,216383658000268","5756808,343922659754753","7,625951259000030","51,953951857000000"
35791,2022,5,22,3,3,0,1,2,1,0,0,0,0,0,0,"398499,951948309026193","5753718,912756050005555","7,523925375000030","51,924937403000101"
35810,2022,5,17,4,2,0,7,0,1,0,0,0,0,0,0,"401398,459999972023070","5764720,892999660223722","7,562901866000060","52,024346019000099"
35825,2022,5,19,1,3,5,3,0,1,1,0,0,0,0,0,"403161,862999974982813","5759031,594999659806490","7,590202181000050","51,973519920999998"
36054,2022,5,19,1,3,5,2,0,1,1,0,0,0,0,0,"404692,640999977011234","5758501,311999659985304","7,612627805000050","51,969018177000102"
36388,2022,5,14,3,3,5,3,0,1,1,0,0,0,0,0,"401202,345803510979749","5753700,195187419652939","7,563217049000060","51,925255313999997"
36499,2022,5,20,3,2,0,1,1,1,0,0,0,0,0,0,"406102,680999977979809","5758923,005999660119414","7,633031796000070","51,973048538999997"
36528,2022,5,2,1,3,5,3,2,1,1,0,0,0,0,0,"405150,935999976994935","5757192,523999660275877","7,619658486000050","51,957332657999999"
36604,2022,5,16,4,3,1,1,0,1,1,0,0,0,0,0,"405513,846124080009758","5754741,070486799813807","7,625612076000040","51,935359673000100"
36652,2022,5,12,5,3,1,5,0,1,0,0,0,0,1,0,"406608,157021337014157","5757158,893954649567604","7,640868115000050","51,957277029000103"
36655,2022,5,9,4,3,5,3,0,1,1,0,0,0,0,0,"408964,218999981996603","5756241,442999660037458","7,675388919000060","51,949421125000100"
36863,2022,5,9,3,3,5,3,0,1,1,0,0,0,0,1,"404691,261022803024389","5758521,051736850291491","7,612602243000030","51,969195368000001"
37027,2022,6,15,4,3,3,3,0,1,0,0,0,0,1,1,"406322,628999979002401","5756457,540999660268426","7,636905299000030","51,950924902000096"
37481,2022,5,10,7,3,5,2,0,1,1,0,0,0,0,0,"406322,628999979002401","5756457,540999660268426","7,636905299000030","51,950924902000096"
37488,2022,5,8,4,3,5,2,0,1,1,0,0,0,0,0,"406325,006999980018009","5758859,043999659828842","7,636284908000050","51,972511139000098"
37504,2022,5,13,4,3,0,7,0,1,0,0,0,0,0,0,"405469,855722284002695","5756319,243729930371046","7,624538523000070","51,949537540999998"
37595,2022,5,15,7,2,4,6,0,1,0,0,0,0,0,0,"405967,703542273025960","5757861,768739229999483","7,631358039000080","51,963486850999999"
37624,2022,5,15,2,3,9,1,0,1,1,0,0,0,0,0,"405573,969506255001761","5756797,198500550352037","7,625921635000050","51,953851296000003"
37723,2022,5,17,4,3,3,6,0,1,0,0,0,0,0,0,"405586,547081477998290","5756859,588970880024135","7,626087463000030","51,954414225000100"
37743,2022,5,18,3,3,5,3,0,1,0,0,0,0,1,0,"406934,107999980973545","5758374,677999660372734","7,645280789000030","51,968259752999998"
37780,2022,5,15,3,3,5,3,0,1,1,0,0,0,0,0,"405260,679952162026893","5750568,757223409600556","7,623078553000030","51,897813853000102"
37799,2022,5,19,3,2,3,2,0,1,0,0,0,0,0,0,"406370,155825080990326","5757338,407673319801688","7,637356613000070","51,958850560000002"
37806,2022,5,19,7,3,1,1,0,1,0,0,0,0,1,0,"405588,842823815997690","5756870,977299010381103","7,626117731000020","51,954516978000100"
37894,2022,6,8,4,3,6,7,0,1,0,1,0,0,0,0,"404251,938405930006411","5759046,189588930457830","7,606062640000060","51,973839980000001"
38017,2022,6,7,6,3,5,3,0,1,0,0,0,0,0,0,"406952,549999981012661","5758304,253999659791589","7,645568246000040","51,967629835000103"
38120,2022,6,6,5,3,4,2,0,1,0,0,0,0,1,0,"407751,164999981003348","5758769,056999660097063","7,657064805000060","51,971940842999999"
38131,2022,6,7,6,3,5,2,0,1,1,0,0,0,0,0,"406322,628999979002401","5756457,540999660268426","7,636905299000030","51,950924902000096"
38307,2022,6,17,6,3,0,6,0,1,0,0,0,0,0,0,"406952,549999981012661","5758304,253999659791589","7,645568246000040","51,967629835000103"
38341,2022,6,16,2,3,0,1,0,1,0,0,0,0,0,0,"414385,134013261005748","5754001,505988500081003","7,754802518000080","51,930147343000002"
38410,2022,6,13,7,3,1,1,0,1,1,0,0,0,0,0,"405445,187980232993141","5756213,299423060379922","7,624208852000040","51,948581074000103"
38514,2022,6,12,4,3,0,2,0,1,1,0,0,0,0,0,"405019,896999977005180","5757700,723999660462141","7,617611551000040","51,961878196000001"
38532,2022,6,10,4,3,0,2,0,1,1,0,0,0,0,0,"405506,124688534007873","5751876,280422359704971","7,626286169000020","51,909608227000000"
38567,2022,6,7,3,3,5,2,0,1,1,0,0,0,0,0,"403946,707999976002611","5753314,114999660290778","7,603222176000030","51,922265352000103"
38603,2022,6,18,2,3,0,5,0,1,1,0,0,0,0,0,"405304,870999977982137","5756971,908999660052359","7,621958813000050","51,955375913000097"
38733,2022,6,10,5,3,0,5,0,1,1,0,0,0,0,0,"404020,580951249983627","5759268,922125900164247","7,602633240000050","51,975802063000103"
38760,2022,6,12,7,1,2,6,0,1,0,0,0,0,0,0,"405359,077999976987485","5755783,950999660417438","7,623074529000060","51,944707256000100"
39080,2022,6,10,4,3,5,3,0,1,1,0,0,0,0,0,"401052,516999972984195","5765718,500999660231173","7,557573016000050","52,033250985000102"
39257,2022,6,15,6,3,0,7,0,1,0,0,0,0,0,0,"400408,798999972001184","5762305,469999659806490","7,549185217000060","52,002459282000103"
39288,2022,6,5,1,3,0,1,0,1,0,0,0,0,0,0,"407533,583858461002819","5754948,546872300095856","7,654926399000030","51,937563854000103"
39314,2022,6,9,6,3,5,3,0,1,0,0,0,0,1,0,"405575,873999978997745","5757005,475999659858644","7,625892104000060","51,955723708999997"
39364,2022,6,20,2,3,9,1,0,1,0,1,0,0,0,0,"405537,971846749016549","5760865,759928129613400","7,624278309000030","51,990415078000098"
39384,2022,6,4,1,3,0,1,0,1,0,0,0,0,0,0,"406756,637464642990381","5757059,538014380261302","7,643055261000030","51,956408886000098"
39561,2022,6,18,3,3,5,2,0,1,1,0,0,0,0,0,"406322,628999979002401","5756457,540999660268426","7,636905299000030","51,950924902000096"
39568,2022,6,14,2,3,6,4,0,1,0,1,0,0,0,0,"404675,461584659991786","5758303,293240440078080","7,612432785000070","51,967235365000100"
39830,2022,6,15,2,3,3,6,0,1,0,0,0,0,0,0,"405690,949902686988935","5758062,320497769862413","7,627276055000040","51,965242617000101"
39882,2022,6,15,5,3,0,1,0,1,0,0,0,0,0,0,"402578,313999975973275","5757598,632999660447240","7,582116088000020","51,960538106999998"
39883,2022,6,13,5,3,0,7,0,1,0,0,0,0,0,0,"406136,626999979023822","5750910,901999659836292","7,635712302000060","51,901037477999999"
39916,2022,6,18,3,3,5,2,0,1,0,0,0,0,0,0,"406719,328999978024513","5757662,142999660223722","7,642348849000030","51,961819140999999"
39965,2022,6,22,1,3,0,7,1,1,0,0,0,0,0,0,"406917,615457846026402","5755809,880497540347278","7,645735681000080","51,945203284000101"
40277,2022,6,10,5,3,2,2,0,1,0,0,0,0,0,0,"404043,275124877982307","5758121,122576289810240","7,603284379000060","51,965489182000098"
40445,2022,6,13,3,3,4,6,0,1,0,0,0,0,0,0,"405398,613436640007421","5755991,728063270449638","7,623592373000060","51,946581574000000"
40822,2022,7,7,6,3,5,3,0,1,1,0,0,0,0,1,"405972,618999978993088","5752311,447999659925699","7,632946998000020","51,913598688000000"
40883,2022,6,15,5,3,0,4,0,1,0,1,0,0,0,0,"405520,557999978016596","5755518,681999660097063","7,625496054000050","51,942350346000097"
40890,2022,7,18,2,3,0,3,0,1,0,1,0,0,0,0,"404136,238027652027085","5756279,158028570003808","7,605151061000070","51,948948987000101"
40911,2022,6,0,6,3,0,6,2,1,0,0,0,0,0,0,"399480,398999969009310","5757024,029999650083482","7,537212520000030","51,954822086000000"
40982,2022,7,14,1,3,5,3,0,1,1,0,0,0,0,0,"398376,624163819011301","5759483,861959749832749","7,520427876000040","51,976730480000100"
41064,2022,6,9,5,3,5,3,0,1,1,0,0,0,0,0,"398639,008999968005810","5758006,703999649733305","7,524682804000070","51,963501678000100"
41151,2022,6,10,5,3,5,3,0,1,1,0,0,0,0,0,"406128,461999979976099","5757704,004999659955502","7,633740283000070","51,962095966000000"
41412,2022,7,15,4,3,1,1,0,1,1,0,0,0,0,0,"405520,957152727991343","5756552,189297970384359","7,625217806000020","51,951640042000101"
41425,2022,7,8,6,3,0,1,0,1,0,0,0,0,0,0,"406259,463733866985422","5757688,638585889711976","7,635650566000040","51,961979949000103"
41567,2022,7,8,5,3,5,3,0,1,1,0,0,0,0,0,"404638,240883302991278","5760659,332803339697421","7,611236398000070","51,988405890000102"
41702,2022,7,12,7,3,4,3,0,1,1,0,0,0,0,0,"405042,766053215018474","5756891,800304880365729","7,618167894000070","51,954611169000003"
41810,2022,7,8,2,3,0,7,0,1,0,0,0,0,0,0,"410734,157901604019571","5760228,968866120092571","7,700098368000060","51,985550647000103"
41972,2022,7,18,5,3,0,3,0,1,0,0,0,0,0,0,"402794,556791234994307","5759354,230158289894462","7,584765209000070","51,976355722999998"
42184,2022,7,8,5,3,5,2,0,1,1,0,0,0,0,0,"406325,006999980018009","5758859,043999659828842","7,636284908000050","51,972511139000098"
42348,2022,7,11,4,3,5,1,0,1,1,0,0,0,0,0,"406630,783999978972133","5758707,498999659903347","7,640776257000030","51,971200437000000"
42471,2022,7,21,4,3,5,3,0,1,1,0,0,0,0,0,"406300,014698319020681","5756661,667099709622562","7,636520684000060","51,952755877000101"
42503,2022,7,16,4,2,0,1,0,1,0,0,0,0,0,0,"404403,293999976012856","5755371,557999660260975","7,609287942000040","51,940837085000098"
42621,2022,7,17,5,3,5,3,0,1,0,0,0,0,0,0,"404889,434999976016115","5762152,359999660402536","7,614479157000060","52,001868789000099"
42630,2022,7,15,2,3,2,7,0,1,1,0,0,0,0,0,"406711,431999980006367","5757660,812999660149217","7,642234308000070","51,961805861000101"
42694,2022,7,2,1,3,0,1,2,1,0,0,0,0,0,0,"402351,984121999994386","5753513,473911420442164","7,579983265000070","51,923779845000098"
42717,2022,7,16,6,3,6,4,0,1,0,1,0,0,0,0,"405565,984057219990063","5756759,072505859658122","7,625815945000060","51,953507247000097"
42784,2022,7,21,3,3,6,7,0,1,0,1,0,0,0,0,"407507,432008533971384","5758142,171030229888856","7,653686550000030","51,966265556000103"
42950,2022,7,17,3,3,5,2,0,1,1,0,0,0,0,0,"406832,934999978984706","5757698,925999660044909","7,643991846000060","51,962168814000101"
43026,2022,7,8,1,2,8,7,0,1,0,0,0,0,0,0,"404403,293999976012856","5755371,557999660260975","7,609287942000040","51,940837085000098"
43073,2022,7,6,3,3,5,3,0,1,0,0,0,0,0,0,"402295,907999975024723","5754690,561999649740756","7,578833857000060","51,934350027000100"
43100,2022,7,11,3,3,3,6,0,1,0,0,0,0,0,0,"402175,437999973015394","5758922,184999659657478","7,575877472000060","51,972363761000103"
43187,2022,8,13,4,3,3,6,0,1,0,0,0,0,0,0,"406416,456810762989335","5757666,516819479875267","7,637940856000060","51,961807556000103"
43305,2022,7,20,1,3,0,3,1,1,1,0,0,0,0,0,"407077,387999981001485","5757671,602999660186470","7,647556078000040","51,961964131999999"
43398,2022,8,9,1,3,5,3,0,1,1,0,0,0,0,0,"404257,532999977003783","5754457,822999659925699","7,607422472000050","51,932599008000103"
43554,2022,8,10,3,3,5,2,0,1,1,0,0,0,0,0,"405900,996999980008695","5760101,257999660447240","7,629773442000040","51,983605050000101"
43557,2022,8,15,2,3,4,6,0,1,0,0,0,0,0,0,"404314,143430544005241","5758240,502207060344517","7,607192525000070","51,966608898000104"
43568,2022,8,18,4,3,5,2,0,1,1,0,0,0,0,0,"405076,183411989011802","5761172,899214089848101","7,617470014000050","51,993097022000001"
43573,2022,8,7,2,3,4,6,0,1,0,0,0,0,0,1,"401518,996999971976038","5758993,866999659687281","7,566303711000050","51,972892119000100"
43634,2022,8,10,1,3,0,1,0,1,0,0,0,0,0,0,"404903,530999978014734","5762250,719999659806490","7,614657137000050","52,002755295000000"
43647,2022,7,14,6,2,3,2,0,1,0,0,0,0,1,0,"406092,015488245990127","5758942,921053309924901","7,632871125000070","51,973225742000103"
43653,2022,8,11,4,3,3,1,0,1,0,0,0,0,0,0,"404702,819202759012114","5758301,079251050017774","7,612831497000060","51,967220156000103"
43821,2022,8,13,5,3,0,6,0,1,1,0,0,0,0,0,"402607,068999974988401","5753832,596999649889767","7,583601234000070","51,926692909000103"
43886,2022,8,19,2,3,5,2,0,1,1,0,0,0,0,0,"409324,924085533013567","5758674,482690749689937","7,679993545000060","51,971349744000101"
43905,2022,8,8,3,3,0,6,0,1,0,0,0,0,0,0,"403601,154884353978559","5758064,652166360057890","7,596866951000040","51,964905116000097"
43974,2022,8,16,5,3,5,2,0,1,1,0,0,0,0,0,"406917,615457846026402","5755809,880497540347278","7,645735681000080","51,945203284000101"
44093,2022,8,11,4,3,1,5,0,1,0,0,0,1,0,0,"405779,818999978015199","5753564,953999659977853","7,629801745000070","51,924833255000102"
44129,2022,7,12,5,2,0,2,0,1,1,0,0,0,0,0,"405487,664888627012260","5756994,895039590075612","7,624611750000040","51,955613618000001"
44139,2022,8,7,6,3,5,3,0,1,1,0,0,0,0,0,"403106,575999976019375","5759101,598999660462141","7,589377798000040","51,974139500000000"
44221,2022,7,9,6,3,3,2,0,1,1,0,0,0,0,0,"406797,274999981978908","5751255,854999659582973","7,645218509000070","51,904249022000002"
44248,2022,8,8,4,3,5,2,0,1,0,0,0,1,0,0,"406356,190981734020170","5756681,937141999602318","7,637332362000050","51,952947536000103"
44384,2022,8,13,6,2,5,3,0,1,1,0,0,0,0,0,"407815,478544234996662","5754557,067528099752963","7,659130713000020","51,934091776999999"
44423,2022,8,19,7,3,3,6,0,1,0,0,0,0,0,0,"406297,320653241011314","5757385,860955620184541","7,636283985000030","51,959264823000098"
44440,2022,7,14,7,3,0,4,0,1,0,1,0,0,0,0,"405913,453986603009980","5757913,279163359664381","7,630554567000050","51,963940671000003"
44594,2022,8,12,6,3,2,2,0,1,1,0,0,0,0,0,"405800,215441547974478","5756884,918933260254562","7,629188876000060","51,954678135999998"
44791,2022,8,18,2,3,0,1,0,1,0,0,0,0,0,0,"406036,879999979981221","5756775,974999659694731","7,632661589000070","51,953738934999997"
44885,2022,8,16,5,3,5,3,0,1,1,0,0,0,0,0,"403770,897238662000746","5754187,393536849878728","7,600422247000040","51,930084358999999"
44911,2022,8,17,5,3,3,6,0,1,0,0,0,0,0,0,"407019,241188062995207","5757138,524608659557998","7,646854330000050","51,957162828999998"
44915,2022,8,8,4,3,5,3,0,1,1,0,0,0,0,0,"406087,201999977987725","5758927,320999659597874","7,632805339000070","51,973084708999998"
44951,2022,8,6,2,3,0,7,0,1,0,0,0,1,0,0,"403540,503227191977203","5754504,707648459821939","7,596983469000070","51,932896614000100"
45044,2022,8,11,7,3,3,6,0,1,0,0,0,0,0,0,"405150,935999976994935","5757192,523999660275877","7,619658486000050","51,957332657999999"
45174,2022,8,19,4,3,4,2,0,1,1,0,0,0,0,0,"406325,006999980018009","5758859,043999659828842","7,636284908000050","51,972511139000098"
45306,2022,8,7,2,3,0,6,0,1,0,0,0,0,0,1,"406767,311781994008925","5759412,519753630273044","7,642571639000040","51,977560416000102"
45360,2022,8,17,2,3,5,2,0,1,1,0,0,0,0,0,"403933,150997467979323","5758084,023595649749041","7,601692342000040","51,965136704000003"
45439,2022,8,16,5,3,5,3,0,1,1,0,0,0,0,0,"401578,335999973001890","5757085,122999650426209","7,567714328000020","51,955746456999996"
45474,2022,8,7,4,3,0,3,0,1,1,0,0,0,0,0,"398323,848847732995637","5753722,194782920181751","7,521364329000050","51,924934767000103"
45502,2022,8,7,4,3,5,3,0,1,0,0,0,0,0,0,"404527,452991790021770","5758721,465828290209174","7,610162730000070","51,970968649000000"
45524,2022,8,8,2,3,3,6,0,1,1,0,0,0,0,0,"406023,603168726025615","5757274,419166699983180","7,632332109000060","51,958216938000099"
45558,2022,8,10,4,3,5,7,0,1,1,0,0,0,0,0,"403974,377424396981951","5757465,119301400147378","7,602465264000050","51,959580905000102"
45670,2022,8,11,3,3,8,1,0,1,0,0,0,0,0,0,"405841,315952592995018","5753279,098832559771836","7,630773982000050","51,922274249000097"
45854,2022,8,17,2,3,5,3,0,1,0,0,0,0,0,0,"404026,828645966015756","5753616,382104770280421","7,604302617000030","51,924996067999999"
45962,2022,8,16,3,3,6,6,0,1,0,1,0,0,0,0,"405974,049772181024309","5756396,639117170125246","7,631851362000020","51,950318668000101"
46242,2022,8,7,6,3,5,3,0,1,1,0,0,0,0,0,"405037,549999976996332","5757959,877999659627676","7,617796743000040","51,964210590999997"
46252,2022,8,13,4,3,5,2,0,1,1,0,0,0,0,0,"405895,818999979004730","5755919,017999660223722","7,630844156000020","51,946012355000100"
46462,2022,8,8,3,3,5,2,0,1,1,0,0,0,0,0,"405610,652999977988657","5752104,896999659948051","7,627742646000060","51,911680873000101"
46487,2022,8,7,2,3,3,1,0,1,0,0,0,0,0,0,"403461,717769230017439","5758080,813221580348909","7,594833491000030","51,965026180000102"
46586,2022,9,16,6,2,0,2,0,1,0,0,0,0,1,0,"405158,045207036018837","5757223,358268099837005","7,619753402000070","51,957611020999998"
46642,2022,9,19,6,3,7,7,0,1,0,0,0,0,0,0,"400893,086426261987071","5759559,945553460158408","7,557031283000070","51,977868849000103"
46644,2022,9,7,5,3,0,7,0,1,0,1,0,0,0,0,"404663,981421153002884","5758534,869074829854071","7,612201426000070","51,969314885000102"
46683,2022,9,7,4,3,7,7,0,1,1,0,0,0,0,1,"408738,769863001012709","5760550,718818220309913","7,670963990000080","51,988118483000100"
46771,2022,9,20,6,3,5,2,1,1,1,0,0,0,0,0,"401203,186997247976251","5753700,115270240232348","7,563229301000040","51,925254745000103"
46781,2022,9,22,7,3,8,1,2,1,0,0,0,0,0,0,"405215,172696674009785","5761561,297935470007360","7,619386312000070","51,996611827000002"
46909,2022,9,15,6,3,3,2,0,1,1,0,0,0,0,0,"404667,343146357976366","5759980,128367830067873","7,611848865000070","51,982305966000098"
46965,2022,9,15,5,3,2,6,0,1,0,0,0,0,0,0,"403685,045521062973421","5755654,834400120191276","7,598763097000070","51,943259404000102"
47010,2022,9,6,2,3,5,3,1,1,1,0,0,0,0,0,"405828,904999979014974","5759024,385999660007656","7,629019549000080","51,973913461999999"
47228,2022,9,7,5,3,7,1,0,1,0,0,0,0,0,0,"404659,849999976984691","5758306,589999659918249","7,612204696000050","51,967262320000003"
47244,2022,8,16,3,3,5,3,0,1,0,0,0,0,1,0,"406673,423488817992620","5756102,294431179761887","7,642104600000040","51,947790738000002"
47279,2022,8,8,4,3,5,3,0,1,1,0,0,0,0,0,"403941,830999976024032","5758259,219999659806490","7,601769633000060","51,966712927000103"
47431,2022,9,12,3,3,5,2,0,1,1,0,0,0,0,0,"405158,727999978989828","5756934,425999660044909","7,619843095000020","51,955014095000102"
47506,2022,8,20,2,2,0,1,0,1,0,0,0,0,0,0,"403974,212387540028431","5757779,984173430129886","7,602374836000020","51,962410990000102"
47522,2022,8,18,4,3,4,4,0,1,0,1,0,0,0,0,"406083,668727917014621","5756735,982483689673245","7,633353173000050","51,953387367000097"
47592,2022,9,12,4,3,0,3,0,1,0,0,0,0,0,0,"408606,291048569022678","5756446,636891949921846","7,670127856000020","51,951206835999997"
47626,2022,9,17,5,3,5,2,0,1,1,0,0,0,0,0,"405627,464999978023116","5758065,369999660179019","7,626351444000020","51,965259254000003"
47664,2022,8,7,3,2,5,3,0,1,1,0,0,0,0,0,"407900,285940631991252","5760299,800359830260277","7,658824144000050","51,985724701999999"
47868,2022,8,22,4,3,4,7,2,1,0,0,0,0,0,0,"403685,045521062973421","5755654,834400120191276","7,598763097000070","51,943259404000102"
47897,2022,9,7,5,3,0,3,0,1,1,0,0,0,0,0,"405817,969796701974701","5755776,377762080170214","7,629750926000040","51,944717062999999"
47917,2022,9,13,4,3,5,2,0,1,0,0,0,0,1,0,"404662,276999976020306","5759742,419999659992754","7,611841178000080","51,980168491000001"
47969,2022,9,8,3,3,5,3,0,1,1,0,0,0,0,1,"404645,978999977000058","5760313,865999660454690","7,611445104000040","51,985302047000097"
48021,2022,8,17,2,3,5,3,0,1,1,0,0,0,0,0,"402011,384429000027012","5759011,004617069847882","7,573464636000040","51,973133189000102"
48126,2022,9,20,6,3,5,3,1,1,1,0,0,0,0,1,"407095,415643186017405","5760303,146578620187938","7,647106060000060","51,985620751000098"
48146,2022,9,12,2,2,6,4,0,1,0,1,0,0,0,0,"406545,556067935016472","5750558,900732309557498","7,641749639000070","51,897942224000097"
48281,2022,9,18,6,3,5,2,1,1,1,0,0,0,0,0,"406322,628999979002401","5756457,540999660268426","7,636905299000030","51,950924902000096"
48291,2022,9,7,5,2,3,7,0,1,0,0,0,0,0,0,"404765,844621805998031","5758299,961946739815176","7,613748930000040","51,967220914999999"
48411,2022,9,9,3,3,0,7,0,1,1,0,0,0,0,0,"412326,389154458011035","5752458,671363360248506","7,725260641000030","51,915958556000099"
48602,2022,9,12,5,3,6,4,0,1,0,1,0,0,0,0,"405379,890999977011234","5755895,362999659962952","7,623346578000050","51,945712217000100"
48764,2022,9,11,5,3,2,6,0,1,0,0,0,0,0,0,"405383,319999978004489","5755919,225999659858644","7,623389884000060","51,945927292000100"
49000,2022,9,17,4,3,1,2,0,1,0,0,1,0,0,0,"406386,790999980003107","5757327,129999659955502","7,637601713000040","51,958751992000003"
49034,2022,9,1,7,3,0,1,2,1,0,0,0,0,0,1,"405627,464999978023116","5758065,369999660179019","7,626351444000020","51,965259254000003"
49193,2022,9,7,6,3,5,2,0,1,1,0,0,0,0,0,"401578,335999973001890","5757085,122999650426209","7,567714328000020","51,955746456999996"
49254,2022,9,16,4,3,5,2,0,1,1,0,0,0,0,0,"404194,053999976022169","5754225,316999659873545","7,606564204000050","51,930498227000001"
49394,2022,9,18,5,3,3,2,0,1,1,0,0,0,0,0,"406325,006999980018009","5758859,043999659828842","7,636284908000050","51,972511139000098"
49539,2022,9,12,5,3,5,2,0,1,1,0,0,0,0,0,"404377,730033982021268","5758887,189027779735625","7,607937675000070","51,972432486999999"
49569,2022,9,22,5,3,9,1,2,1,0,0,0,0,0,0,"405109,698320660972968","5764324,612697900272906","7,617084937000070","52,021431382999999"
49644,2022,9,21,7,3,3,6,2,1,0,0,0,0,0,1,"410631,107050797028933","5760581,016460579819977","7,698506406000040","51,988698513000003"
49862,2022,9,16,4,3,0,7,0,1,1,0,0,0,0,0,"406378,993881709990092","5757332,405453429557383","7,637486834000070","51,958798098000003"
50044,2022,9,14,5,3,5,2,0,1,1,0,0,0,0,0,"409847,487999983015470","5751858,771999659948051","7,689385473000070","51,910170432000001"
50117,2022,9,14,4,3,0,6,0,1,0,0,0,0,0,1,"406747,807015946018510","5757064,911350449547172","7,642925335000030","51,956455703000103"
50164,2022,9,17,4,3,5,2,0,1,1,0,0,0,0,0,"403992,086999976017978","5756988,022999660111964","7,602856252000040","51,955295655999997"
50229,2022,9,11,4,3,5,6,0,1,0,0,0,0,0,0,"404674,349646069982555","5760979,693587220273912","7,611673027000050","51,991291597000000"
50367,2022,9,14,5,3,0,6,0,1,0,0,0,0,0,0,"408178,174999980023131","5760497,741999659687281","7,662816636000060","51,987549909999998"
50394,2022,9,14,3,3,5,3,0,1,1,0,0,0,0,0,"404287,162536684016231","5759011,550217200070620","7,606584942000040","51,973534698000002"
50403,2022,9,18,5,2,4,6,0,1,0,0,0,0,0,0,"406958,943053913011681","5748846,503029270097613","7,648217878000030","51,882619304000102"
50514,2022,9,13,7,3,0,4,0,1,0,1,0,0,0,0,"406249,008999979007058","5757416,417999659664929","7,635572750000050","51,959531341000101"
50538,2022,9,12,3,3,0,3,0,1,0,0,0,0,1,0,"403700,192999976978172","5759585,670999660156667","7,597881321000050","51,978593666999998"
50592,2022,9,14,5,3,5,2,0,1,1,0,0,0,0,0,"409072,111999983026180","5752860,083999659866095","7,677852115000060","51,919044880999998"
50673,2022,10,16,4,3,6,4,0,1,0,1,0,0,0,0,"406734,364736496005207","5757664,900238409638405","7,642566871000040","51,961846446999999"
50791,2022,10,14,3,3,0,1,0,1,0,0,0,0,0,0,"407044,504999979981221","5757870,224999659694731","7,647023867000030","51,963743950000001"
50809,2022,10,14,4,2,5,3,0,1,1,0,0,0,0,0,"403991,546019493020140","5761414,329243560321629","7,601610118000050","51,995080614000102"
50961,2022,10,9,5,3,5,3,1,1,1,0,0,0,0,0,"407900,263878871977795","5760299,674432749859989","7,658823857000070","51,985723565999997"