objectid,ujahr,umonat,ustunde,uwochentag,ukategorie,uart,utyp1,ulichtverh,istrad,istpkw,istfuss,istkrad,istgkfz,istsonstig,ustrzustand,linrefx,linrefy,xgcswgs84,ygcswgs84
51136,2022,10,16,2,3,5,3,0,1,1,0,0,0,0,0,"407097,630999980028719","5760312,853999660350382","7,647135682000060","51,985708377000002"
51188,2022,10,9,4,3,0,6,0,1,0,0,0,0,0,0,"405029,590999978012405","5757573,874999660067260","7,617787673000070","51,960739683000000"
51305,2022,10,14,5,3,5,3,0,1,1,0,0,0,0,0,"403504,949999974982347","5760699,557999660260975","7,594726177000040","51,988571720000003"
51356,2022,10,16,6,3,0,7,0,1,1,0,0,0,0,0,"407053,636640174023341","5756921,036526289768517","7,647413572000060","51,955213684000100"
51480,2022,10,13,4,3,3,6,0,1,0,0,0,0,0,0,"404950,684344315028284","5758239,753429450094700","7,616455320000060","51,966711374000099"
51487,2022,10,20,5,3,0,1,2,1,0,0,0,0,0,0,"406359,176999979012180","5756980,608999660238624","7,637294406000020","51,955632645999998"
51503,2022,10,14,3,3,3,2,0,1,1,0,0,0,0,0,"407326,356638083991129","5756880,513967080041766","7,651392024000070","51,954894961000001"
51598,2022,10,15,4,2,0,1,0,1,0,0,0,0,0,0,"408580,170999981986824","5761509,455999660305679","7,668399344000020","51,996710049999997"
51707,2022,10,16,6,3,5,2,0,1,1,0,0,0,0,1,"405610,652999977988657","5752104,896999659948051","7,627742646000060","51,911680873000101"
51732,2022,10,16,6,3,6,6,0,1,0,1,0,0,0,0,"406159,737314098980278","5756693,413401289843023","7,634471389000050","51,953017576000001"
51787,2022,10,16,4,3,5,3,0,1,1,0,0,0,0,0,"405520,557999978016596","5755518,681999660097063","7,625496054000050","51,942350346000097"
51823,2022,10,23,5,3,0,1,2,1,0,0,0,0,0,0,"406863,482652457023505","5756817,492896090261638","7,644675290000070","51,954251167000102"
51848,2022,10,14,7,3,0,6,0,1,0,0,0,0,0,0,"406224,556475971010514","5757694,403343490324914","7,635141089000060","51,962025879000102"
51882,2022,10,7,4,3,5,2,1,1,1,0,0,0,0,0,"399375,299999970011413","5756988,795999649912119","7,535693950000050","51,954486393000103"
51888,2022,10,9,3,3,0,1,0,1,0,0,0,0,0,1,"405378,858678590971977","5759119,340319200418890","7,622443458000020","51,974690505000098"
51931,2022,10,13,2,3,4,2,0,1,1,0,0,0,0,0,"407069,436999979021493","5757446,472999660298228","7,647501301000030","51,959939218999999"
51953,2022,10,13,2,3,5,2,0,1,1,0,0,0,0,0,"406092,273229756974615","5758943,707922830246389","7,632874661000070","51,973232859000099"
51964,2022,10,7,3,3,0,7,1,1,0,0,0,0,0,1,"405455,252999979013111","5759121,153999660164118","7,623554810000030","51,974719809000099"
51987,2022,10,1,6,3,0,1,2,1,0,0,0,0,0,1,"405164,524999979010317","5756897,740999660454690","7,619937553000060","51,954685343000101"
52062,2022,10,16,5,3,4,2,0,1,0,0,1,0,0,0,"406162,774562760023400","5758189,709834580309689","7,634106815000050","51,966467495000103"
52222,2022,10,14,3,3,5,3,0,1,1,0,0,0,0,0,"404285,801994158013258","5758225,126952909864485","7,606784403000060","51,966465821000000"
52361,2022,10,18,4,3,5,2,0,1,1,0,0,0,0,0,"406462,400999978999607","5761336,057999660260975","7,637609022000050","51,994798774000103"
52434,2022,10,7,3,3,0,1,1,1,0,0,0,0,0,1,"408634,071659562003333","5753518,591353490017354","7,671309813000050","51,924892274999998"
52503,2022,10,10,2,3,5,2,0,1,1,0,0,0,0,1,"405394,231217193999328","5755577,986329800449312","7,623642485000060","51,942861933000103"
52554,2022,10,13,6,3,0,1,0,1,0,0,0,0,0,0,"406087,201999977987725","5758927,320999659597874","7,632805339000070","51,973084708999998"
52558,2022,10,15,4,3,5,4,0,1,0,1,0,0,0,0,"405195,081999978981912","5755299,673999659717083","7,620822832000040","51,940326438000099"
52605,2022,10,12,7,3,0,7,0,1,0,0,0,0,0,0,"406950,150999978999607","5758340,339999659918249","7,645523556000060","51,967953792000102"
52689,2022,10,18,6,3,5,3,1,1,1,0,0,0,0,0,"405774,855533982976340","5756899,688668549992144","7,628815898000030","51,954806595999997"
52794,2022,10,14,5,3,5,6,0,1,0,0,0,0,0,0,"403035,080999974976294","5757933,662999659776688","7,588667144000060","51,963629298999997"
52810,2022,10,16,5,3,6,4,0,1,1,1,0,0,0,1,"405421,711545386002399","5756104,740426730364561","7,623897241000070","51,947601306000102"
52817,2022,10,10,6,3,3,2,0,1,1,0,0,0,0,0,"406899,475673670996912","5755810,549184310249984","7,645471662000030","51,945206259000003"
52972,2022,10,15,4,3,5,2,0,1,1,0,0,0,0,0,"406087,201999977987725","5758927,320999659597874","7,632805339000070","51,973084708999998"
53036,2022,10,14,4,3,3,6,0,1,0,0,0,0,0,0,"405522,791249085974414","5756561,148429419845343","7,625242023000060","51,951720882000103"
53052,2022,10,11,2,3,0,1,0,1,0,0,0,0,0,1,"405831,869962865021080","5755795,520665029995143","7,629947853000030","51,944891481000099"
53234,2022,10,16,4,3,1,3,0,1,0,0,0,0,0,0,"408321,479999981005676","5751418,566999659873545","7,667324318000060","51,905964494999999"
53239,2022,10,8,3,3,0,1,0,1,0,0,0,0,0,1,"405220,841173577995505","5759113,437360970303416","7,620145286000020","51,974610519000102"
53287,2022,10,19,6,3,5,2,2,1,1,0,0,0,0,1,"405435,184999978984706","5755190,813999660313129","7,624344582000050","51,939388813999997"
53469,2022,10,19,7,3,8,1,2,1,0,0,0,0,0,1,"406418,117999979003798","5761347,454999660141766","7,636961118000040","51,994893754000003"
53675,2022,11,23,3,3,0,1,2,1,0,0,0,0,0,1,"405446,183116021973547","5755479,182906090281904","7,624425234000060","51,941982675000098"
53817,2022,11,8,7,3,5,3,0,1,1,0,0,0,0,0,"411978,158999983977992","5754086,112999659962952","7,719782724000030","51,930532420000098"
53867,2022,11,12,6,3,5,3,0,1,1,0,0,0,0,0,"408812,537999981024768","5754085,600999659858644","7,673754171000040","51,930018193000102"
53893,2022,11,7,6,3,5,3,1,1,1,0,0,0,0,1,"403811,034999976982363","5760936,159999660216272","7,599115932000070","51,990751457000002"
54085,2022,11,18,2,3,3,3,1,1,0,0,0,0,0,1,"405447,992318039003294","5756225,917684449814260","7,624246172000030","51,948694969000002"
54116,2022,10,19,1,3,4,6,2,1,0,0,0,0,1,0,"405506,124688534007873","5751876,280422359704971","7,626286169000020","51,909608227000000"
54193,2022,11,13,6,3,5,3,0,1,1,0,0,0,0,1,"405610,652999977988657","5752104,896999659948051","7,627742646000060","51,911680873000101"
54232,2022,11,10,2,2,0,1,0,1,0,0,0,0,0,0,"401713,398999973025639","5752767,832999659702182","7,570912808000060","51,916965443999999"
54264,2022,11,17,4,2,0,1,2,1,0,0,0,0,0,0,"403998,657936275005341","5761396,214747220277786","7,601718745000030","51,994919025000101"
54326,2022,11,15,5,3,4,2,0,1,1,0,0,0,0,0,"404269,352999977010768","5748480,063999660313129","7,609255066000060","51,878870259999999"
54459,2022,11,16,4,3,0,6,2,1,0,0,0,0,0,0,"407778,698748510971200","5754525,789150780066848","7,658604276000060","51,933804535000000"
54481,2022,11,18,4,3,3,3,2,1,0,0,0,0,1,0,"406036,879999979981221","5756775,974999659694731","7,632661589000070","51,953738934999997"
54577,2022,11,15,4,3,5,3,0,1,1,0,0,0,0,0,"405200,425999979022890","5750139,329999660141766","7,622321183000050","51,893943692000100"
54678,2022,11,19,5,3,2,7,2,1,0,0,0,0,1,0,"403998,657936275005341","5761396,214747220277786","7,601718745000030","51,994919025000101"
54753,2022,11,12,2,3,0,2,0,1,0,0,0,0,1,0,"403038,138227113988250","5758132,105020159855485","7,588655597000070","51,965413486000003"
54829,2022,11,14,5,3,5,3,0,1,1,0,0,0,0,0,"404408,700179620995186","5755360,490649409592152","7,609369641000060","51,940738535999998"
54844,2022,10,16,2,3,6,6,0,1,0,1,0,0,0,0,"411472,169998892000876","5751921,087972500361502","7,712982180000040","51,910991174000102"
54976,2022,11,9,1,2,0,1,0,1,0,0,0,0,0,0,"406169,452999979024753","5758093,649999660439789","7,634230245000030","51,965605193000002"
54993,2022,11,13,4,3,5,3,0,1,1,0,0,0,0,0,"405654,596999978995882","5757012,944999660365283","7,627035315000060","51,955804205000000"
55044,2022,11,18,4,3,0,2,2,1,1,0,0,0,0,0,"405442,275127188011538","5756200,192891799844801","7,624170088000030","51,948462771999999"
55066,2022,11,9,6,3,5,3,0,1,1,0,0,0,0,0,"403014,270513784023933","5758684,813035629689693","7,588152173000030","51,970377214000102"
55111,2022,11,13,7,3,0,1,0,1,0,0,0,0,0,0,"404859,971999978006352","5758306,286999659612775","7,615116885000020","51,967293885000103"
55131,2022,11,8,4,3,0,1,0,1,0,0,0,0,0,1,"405019,896999977005180","5757700,723999660462141","7,617611551000040","51,961878196000001"
55160,2022,11,7,3,3,0,1,0,1,0,0,0,0,0,1,"409836,002099914010614","5761047,968376929871738","7,686807648000070","51,992767260000100"
55181,2022,11,23,6,3,0,7,2,1,0,0,0,0,0,0,"412441,830999987025280","5752300,822999659925699","7,726978803000070","51,914557840999997"
55300,2022,11,6,5,3,0,3,2,1,1,0,0,0,1,1,"404690,185731524019502","5758596,928979179821908","7,612565530000040","51,969877195999999"
55514,2022,11,8,6,3,2,6,0,1,0,0,0,0,0,0,"406303,092999978980515","5757680,111999659799039","7,636287701000070","51,961910662999998"
55557,2022,11,7,4,3,3,3,0,1,0,0,0,0,1,0,"406208,938999979000073","5757441,278999660164118","7,634982973000040","51,959748044999998"
55561,2022,11,17,4,3,5,2,2,1,1,0,0,0,0,0,"406322,628999979002401","5756457,540999660268426","7,636905299000030","51,950924902000096"
55665,2022,11,7,4,3,5,2,2,1,1,0,0,0,0,1,"408056,939999981026631","5754359,802999660372734","7,662694574000060","51,932358587000103"
55697,2022,11,16,1,3,1,6,0,1,0,0,0,0,0,0,"405435,649140888010152","5759120,822536109946668","7,623269584000070","51,974713494000099"
55708,2022,11,13,2,3,3,2,0,1,1,0,0,0,0,0,"404667,343143670004793","5759980,128462050110102","7,611848865000070","51,982305966000098"
55717,2022,11,10,5,2,0,2,0,1,1,0,0,0,0,0,"406939,769562623987440","5758315,877853079698980","7,645379115000030","51,967732177000102"
55761,2022,11,14,2,3,4,2,1,1,1,0,0,0,0,1,"404389,893999979016371","5759062,468999659642577","7,608065875000020","51,974010057000001"
55901,2022,11,8,2,3,0,2,0,1,1,0,0,0,0,1,"405899,306999979016837","5758997,535999660380185","7,630051534000070","51,973684048000102"
56130,2022,11,7,2,3,0,6,2,1,0,0,0,0,0,1,"402389,826999973971397","5757574,715999660082161","7,579380538000070","51,960290076000000"
56133,2022,11,8,6,3,5,3,1,1,1,0,0,0,0,0,"405435,184999978984706","5755190,813999660313129","7,624344582000050","51,939388813999997"
56222,2022,11,17,7,2,0,1,2,1,0,0,0,0,0,0,"405740,075203353015240","5758035,421918770298362","7,627998265000030","51,965009173000098"
56243,2022,11,7,2,3,5,2,2,1,1,0,0,0,0,1,"404194,053999976022169","5754225,316999659873545","7,606564204000050","51,930498227000001"
56325,2022,11,7,6,3,5,2,1,1,1,0,0,0,0,1,"406885,447999977972358","5756849,232999660074711","7,644986233000050","51,954540141000102"
56348,2022,12,14,5,3,5,2,0,1,1,0,0,0,0,0,"406307,362999979988672","5751066,836999660357833","7,638150773000060","51,902467846000000"
56375,2022,11,16,3,3,5,2,0,1,0,0,0,0,1,0,"405019,896999977005180","5757700,723999660462141","7,617611551000040","51,961878196000001"
56434,2022,11,12,6,3,5,3,0,1,1,0,0,0,0,1,"403941,045736020023469","5758253,336286690086126","7,601759853000030","51,966659907000100"
56466,2022,11,10,2,2,5,2,0,1,1,0,0,0,0,1,"404599,123999977018684","5755714,818999660201371","7,612040675000060","51,943956066000098"
56630,2022,11,6,4,3,5,3,2,1,1,0,0,0,0,1,"407900,575999981025234","5760301,455999660305679","7,658827922000060","51,985739631999998"
56681,2022,11,19,4,3,5,2,2,1,1,0,0,0,0,1,"404650,300999977975152","5760135,902999660000205","7,611557492000030","51,983703197000096"
56730,2022,11,15,5,3,0,2,0,1,1,0,0,0,0,1,"406253,743999978993088","5751179,841999660246074","7,637340904000040","51,903474578999997"
56749,2022,11,17,3,3,0,3,2,1,1,0,0,0,0,0,"404269,352999977010768","5748480,063999660313129","7,609255066000060","51,878870259999999"
56797,2022,11,17,3,3,0,1,2,1,0,0,0,0,0,1,"405463,260141653998289","5754997,042020980268717","7,624806133000050","51,937651873000000"
56864,2022,11,11,4,3,0,7,0,1,1,0,0,0,0,0,"405568,563999978010543","5756770,384999659843743","7,625850368000040","51,953609367000098"
56895,2022,11,17,2,3,9,1,2,1,0,0,0,0,0,1,"406044,556887207028922","5757306,127806279808283","7,632628289000020","51,958505490999997"
57054,2022,12,6,2,3,0,1,2,1,0,0,0,0,0,2,"403290,389002083975356","5758102,200016429647803","7,592334498000070","51,965188632000000"
57076,2022,12,7,4,3,0,2,2,1,1,0,0,0,0,1,"405520,487999978009611","5751865,032999659888446","7,626497996000070","51,909509566000096"
57079,2022,12,8,2,3,5,3,1,1,1,0,0,0,0,1,"403942,872999976971187","5754801,951999650336802","7,602751110000040","51,935637953000104"
57180,2022,12,7,4,3,5,2,2,1,1,0,0,0,0,1,"405900,996999980008695","5760101,257999660447240","7,629773442000040","51,983605050000101"
57219,2022,12,3,7,3,5,3,2,1,1,0,0,0,0,0,"405877,064999977999832","5757933,717999660409987","7,630019481000030","51,964118225000000"
57238,2022,12,7,4,2,0,7,2,1,0,0,0,0,0,1,"407533,878445869020652","5751457,367275419645011","7,655868403000060","51,906183084000098"
57249,2022,12,6,2,3,4,2,2,1,1,0,0,0,0,1,"407028,152999980025925","5760011,474999659694731","7,646205922000040","51,982987815999998"
57277,2022,12,14,4,3,2,6,0,1,1,0,0,0,0,1,"405641,778999976988416","5756986,567999660037458","7,626856082000070","51,955564942000102"
57342,2022,12,10,1,3,8,3,0,1,1,0,0,0,0,0,"406152,246999980008695","5757433,611999659799039","7,634160236000070","51,959669565000098"
57461,2022,12,13,4,3,5,3,0,1,1,0,0,0,0,1,"406198,686411553993821","5750968,803603709675372","7,636598291000040","51,901568381000097"
57532,2022,12,20,3,3,0,3,2,1,1,0,0,0,0,1,"403596,573999974993058","5758620,981999659910798","7,596644092000080","51,969904786000001"
57678,2022,12,14,6,3,6,4,0,1,0,1,0,0,0,0,"406647,938999979989603","5756707,592999660409987","7,641569503000030","51,953227191000103"
57824,2022,12,11,6,3,5,2,0,1,1,0,0,0,0,0,"405973,714940238976851","5751708,280451619997621","7,633127563000070","51,908177281000100"
57882,2022,12,22,5,3,0,1,2,1,0,0,0,0,0,0,"403827,724632020981517","5755816,031523969955742","7,600793103000060","51,944732983999998"
57932,2022,12,18,3,3,5,3,2,1,1,0,0,0,0,2,"404929,431999978027306","5762776,010999660007656","7,614888568000030","52,007481216000002"
58031,2022,12,8,3,3,0,2,1,1,1,0,0,0,0,1,"404194,053999976022169","5754225,316999659873545","7,606564204000050","51,930498227000001"
58035,2022,12,23,7,3,4,7,2,1,0,0,0,0,1,1,"406305,052999979001470","5756676,909999660216272","7,636589821000030","51,952893736000100"
58077,2022,12,7,2,3,4,2,2,1,1,0,0,0,0,1,"403993,189596457988955","5757003,876960240304470","7,602867862000040","51,955438346999998"
58160,2022,12,8,5,3,3,2,1,1,1,0,0,0,0,0,"408260,784155554021709","5754121,900838679634035","7,665722035000040","51,930253811999997"
58263,2022,12,7,2,3,5,3,2,1,1,0,0,0,0,0,"404321,742999977024738","5756263,405999659560621","7,607853742000030","51,948839341999999"
58413,2022,12,15,5,3,2,6,0,1,1,0,0,0,0,0,"407835,238999981025700","5759158,580999660305679","7,658183771000040","51,975456041000001"
58436,2022,12,7,2,3,5,3,1,1,1,0,0,0,0,1,"408145,238999981025700","5761316,038999659940600","7,662117916000060","51,994899743000097"
58446,2022,12,20,3,3,5,3,2,1,1,0,0,0,0,1,"405555,250999978976324","5750683,700999650172889","7,627326967000040","51,898897032000001"
58568,2022,12,22,4,2,7,1,2,1,0,0,0,0,0,1,"402089,606687511026394","5761132,337500779889524","7,573997565000070","51,992213938000098"
59185,2022,12,7,4,3,5,2,2,1,1,0,0,0,0,1,"401172,597999972000252","5761889,685999659821391","7,560428108000050","51,998858659000099"
59305,2022,12,6,5,3,0,7,2,1,0,0,0,0,0,1,"405037,162999974971171","5757841,947999659925699","7,617823722000030","51,963150523000103"
59507,2022,12,17,5,3,6,4,2,1,0,1,0,0,0,1,"407390,308113105013035","5756874,194288260303438","7,652324086000020","51,954848810000001"
59511,2022,12,22,3,2,5,2,2,1,1,0,0,0,0,0,"405512,333062021993101","5751885,089224009774625","7,626373979000050","51,909688458000097"
59528,2022,12,7,7,3,4,6,2,1,0,0,0,0,0,1,"405933,542260700021870","5756172,521301910281181","7,631323466000030","51,948297343000000"
59833,2022,12,11,6,3,0,2,0,1,1,0,0,0,0,1,"407431,470999980985653","5758068,622999659739435","7,652601026000070","51,965591824000100"
59876,2022,12,6,5,3,5,2,2,1,1,0,0,0,0,1,"404599,123999977018684","5755714,818999660201371","7,612040675000060","51,943956066000098"
59898,2022,12,13,3,3,5,3,0,1,1,0,0,0,0,0,"408600,865999982983340","5756449,564999659545720","7,670048161000070","51,951232264000097"
166400,2022,1,17,1,3,1,5,2,1,1,0,0,0,0,1,"406978,868573818996083","5757141,050414130091667","7,646266282000060","51,957178780000000"
166619,2022,1,10,3,3,5,3,0,1,1,0,0,0,0,0,"405964,394033099000808","5757126,971242499537766","7,631511045000020","51,956881598999999"
166741,2022,1,9,5,3,0,1,0,1,0,0,0,0,0,0,"410664,086999984981958","5753469,314999659545720","7,700835835000020","51,924778809000003"
166873,2022,1,11,5,2,0,4,0,1,0,1,0,0,0,2,"408958,317336548003368","5756858,310214829631150","7,675139648000030","51,954964948000097"
167177,2022,1,14,2,3,5,3,0,1,1,0,0,0,0,0,"401336,575999971013516","5758347,575999660417438","7,563834652000030","51,967050786000101"
167606,2022,1,8,5,3,0,1,0,1,0,0,0,0,0,2,"404092,167999974975828","5758023,710999660193920","7,604023026000050","51,964622050999999"
167968,2022,2,6,3,3,5,3,2,1,1,0,0,0,0,1,"404258,494999976013787","5757634,262999660335481","7,606551776000060","51,961150224999997"
167977,2022,2,15,7,3,3,6,0,1,0,0,0,0,0,0,"407127,400848201999906","5756668,073780209757388","7,648555062000070","51,952952246000102"
167996,2022,1,12,4,3,1,5,0,1,1,0,0,0,0,0,"405749,689922742021736","5758422,396125580184162","7,628031946000020","51,968489094000098"
168039,2022,1,10,7,3,0,1,0,1,0,0,0,0,0,1,"404977,039058704976924","5755755,441455489955842","7,617525890000020","51,944385876000098"
168078,2022,2,8,7,3,2,2,0,1,0,0,0,0,0,0,"404902,170991978025995","5758234,195954279974103","7,615750918000060","51,966653124000104"
168321,2022,1,7,6,3,5,2,1,1,1,0,0,0,0,1,"403648,381999976991210","5754924,047999650239944","7,598434619000050","51,936684485999997"
168342,2022,1,19,2,3,5,2,2,1,1,0,0,0,0,1,"407925,166999981971458","5758290,443999660201371","7,659725499000050","51,967667665000100"
168366,2022,1,12,6,3,5,3,0,1,1,0,0,0,0,1,"405880,195153255015612","5758846,143252680078149","7,629814897000070","51,972320029000102"
168413,2022,1,7,6,3,0,7,2,1,0,0,0,0,1,2,"406145,364820331975352","5755926,507219140417874","7,634471728000050","51,946121830000003"
168447,2022,1,11,2,3,5,2,0,1,1,0,0,0,0,1,"405474,683017140021548","5758478,278999409638345","7,624014629000040","51,968944692999997"
168458,2022,1,17,4,2,7,1,2,1,0,0,0,0,0,1,"404529,567808079998940","5757706,674771529622376","7,610475661000070","51,961847702000100"
168499,2022,1,18,5,3,5,3,2,1,0,0,1,0,0,0,"405206,140786159026902","5757580,893606870435178","7,620354460000040","51,960832898000000"
168583,2022,1,17,6,3,5,3,2,1,1,0,0,0,0,1,"407610,380233909003437","5751437,016978019848466","7,656985596000030","51,906012856000103"
168586,2022,2,8,4,3,5,3,0,1,1,0,0,0,0,0,"405760,889999979001004","5756891,033999660052359","7,628615105000050","51,954726438000101"
168603,2022,2,14,6,3,1,5,0,1,1,0,0,0,0,1,"405188,631673485971987","5758812,258440840058029","7,619759703000060","51,971897910999999"
168683,2022,1,8,4,3,5,3,1,1,1,0,0,0,0,1,"402275,594999975000974","5758735,956999659538269","7,577388081000040","51,970707521000101"
168817,2022,2,22,5,3,0,1,2,1,0,0,0,0,0,1,"406238,157774481980596","5756127,579512280412018","7,635766552000060","51,947944815000000"
168840,2022,3,13,5,3,2,6,0,1,1,0,0,0,0,0,"407674,533569974009879","5758044,005801660008729","7,656144535000070","51,965410973000097"
168923,2022,2,12,2,3,5,3,0,1,1,0,0,0,0,0,"407123,749999979976565","5756608,623999659903347","7,648518020000040","51,952417270000097"
169024,2022,3,14,4,3,5,3,0,1,1,0,0,0,0,0,"406662,623999978008214","5751057,235999650321901","7,643315626000060","51,902441176000103"
169037,2022,2,15,4,3,5,3,0,1,1,0,0,0,0,1,"401399,229999972973019","5758267,656999659724534","7,564769296000070","51,966343576000000"
169137,2022,3,14,7,3,3,6,0,1,0,0,0,0,0,0,"408045,441623524005990","5757753,906617250293493","7,661619420000020","51,962864878000097"
169162,2022,2,14,2,3,5,3,0,1,1,0,0,0,0,0,"404696,222455858020112","5756625,130657319910824","7,613200492000030","51,952154956000101"
169219,2022,3,16,4,3,5,3,0,1,1,0,0,0,0,0,"405427,146323757013306","5758230,964032620191574","7,623390986000060","51,966713638000002"
169263,2022,2,12,5,3,4,5,0,1,0,0,0,0,1,0,"404616,652000489004422","5758694,195780349895358","7,611468406000030","51,970738851000100"
169274,2022,3,16,5,3,5,2,0,1,1,0,0,0,0,0,"407070,903999981004745","5758343,935999659821391","7,647279789000040","51,968006316000100"
169278,2022,2,18,2,3,3,2,2,1,1,0,0,0,0,1,"401958,616999973019119","5758594,217999660409987","7,572815734000070","51,969377717000000"
169324,2022,2,13,7,3,0,7,0,1,0,1,0,0,0,1,"401739,413776464993134","5757480,941738749854267","7,569944419000020","51,959332648999997"
169326,2022,2,18,2,3,5,3,2,1,0,0,0,0,0,0,"405989,473126743978355","5756511,710460060276091","7,632044238000050","51,951355589999999"
169341,2022,2,16,4,3,1,5,0,1,1,0,0,0,0,0,"405773,183999979984947","5751639,817999649792910","7,630232041000060","51,907528018999997"
169443,2022,2,13,4,3,0,7,0,1,0,0,0,0,1,1,"407242,791174536978360","5756945,649977469816804","7,650158741000040","51,955466506000100"
169456,2022,2,0,1,2,0,1,2,1,0,0,0,0,0,0,"406388,425891018006951","5751559,245567210018635","7,639194922000060","51,906907520000097"
169562,2022,2,7,5,3,7,1,0,1,0,0,0,0,0,1,"404113,065280948998407","5752864,879496379755437","7,605765633000030","51,918256111000098"
169618,2022,2,11,5,3,5,7,0,1,1,0,0,0,0,1,"404474,239019174012356","5759495,369830969721079","7,609172914000060","51,977915623000101"
169684,2022,2,16,6,3,5,2,0,1,1,0,0,0,0,1,"407046,072845372022130","5756907,334224510006607","7,647307241000020","51,955089257000097"
169685,2022,2,13,2,3,5,2,0,1,1,0,0,0,0,1,"405426,516999978979584","5756630,542999659664929","7,623822455000040","51,952328268000002"
169735,2022,3,17,4,3,0,1,0,1,0,0,0,0,0,0,"404672,814752553997096","5757701,260217599570751","7,612561390000050","51,961823613000000"
169784,2022,3,14,6,3,5,3,0,1,0,0,0,0,0,0,"406500,117656330985483","5756592,570988040417433","7,639450403000070","51,952168483999998"
169838,2022,3,16,6,3,5,3,0,1,1,0,0,0,0,0,"408861,108999982010573","5756026,603999660350382","7,673946022000050","51,947473131999999"
169875,2022,3,3,7,3,1,5,2,1,1,0,0,0,0,0,"405640,700685923977289","5756857,981799189932644","7,626875708000060","51,954408970000003"
169980,2022,3,14,3,1,5,3,0,1,1,0,0,0,0,0,"408935,428152906009927","5762941,319607820361853","7,673191877000020","52,009638791000000"
170058,2022,3,9,4,3,5,3,0,1,1,0,0,0,0,0,"406007,516655978979543","5756712,589158640243113","7,632251767000070","51,953164232000098"
170059,2022,3,13,4,3,5,3,0,1,0,0,0,0,0,0,"410621,581930369022302","5760296,775616159662604","7,698441808000040","51,986142037000000"
170238,2022,3,15,4,3,5,3,0,1,1,0,0,0,0,0,"407925,166999981971458","5758290,443999660201371","7,659725499000050","51,967667665000100"
170251,2022,3,13,6,3,5,3,0,1,1,0,0,0,0,0,"405853,456999977992382","5754438,165999660268426","7,630633397000050","51,932694578000103"
170295,2022,3,15,5,2,4,6,0,1,0,0,0,0,0,0,"401113,487000152992550","5757991,370999789796770","7,560691005000020","51,963809512000097"
170459,2022,3,18,7,3,0,3,2,1,0,0,0,0,1,0,"411409,333999984024558","5760399,558999669738114","7,709883607000050","51,987192118000102"
170476,2022,3,17,4,3,5,2,0,1,1,0,0,0,0,0,"401866,457999972975813","5753756,138999650254846","7,572855824000040","51,925875615999999"
170578,2022,3,16,2,3,3,2,0,1,1,0,0,0,0,0,"404868,314735045016278","5754413,322119689546525","7,616315810000060","51,932303751000099"
170613,2022,3,14,2,3,6,4,0,1,0,1,0,0,0,0,"404837,413945866981521","5754377,949432820081711","7,615876286000060","51,931980523000000"
170617,2022,3,10,2,3,1,1,0,1,0,0,0,1,0,1,"407182,241999980004039","5757423,069999660365283","7,649148880000040","51,959747704000101"
170649,2022,3,16,4,3,5,2,0,1,1,0,0,0,0,0,"404319,125999976007733","5754219,706999659538269","7,608384276000040","51,930469317000103"
170731,2022,3,18,3,3,0,7,0,1,1,0,0,0,0,0,"405041,307918846025132","5755529,690404940396547","7,618522982000060","51,942367703000102"
170783,2022,3,12,3,3,5,3,0,1,0,0,0,0,1,0,"405478,195253573008813","5751264,443210829980671","7,626048112000030","51,904103980999999"
170797,2022,4,14,5,3,5,3,0,1,1,0,0,0,0,0,"405853,456999977992382","5754438,165999660268426","7,630633397000050","51,932694578000103"
170951,2022,3,17,4,3,0,5,0,1,0,0,0,0,1,0,"406020,753398977976758","5756957,848875549621880","7,632377244000050","51,955370977000001"
170957,2022,4,19,7,3,3,6,0,1,0,0,0,0,0,0,"407488,885143914027140","5756110,526353759691119","7,653963743000080","51,948000950999997"
170980,2022,4,9,7,2,4,6,0,1,0,0,0,0,0,0,"404580,100888822984416","5756120,409214889630675","7,611651426000040","51,947598411000101"
171077,2022,4,16,5,3,3,2,0,1,1,0,0,0,0,1,"403501,194943211972713","5757539,238146560266614","7,595560084000060","51,960165188000097"
171114,2022,4,21,5,3,0,5,2,1,1,0,0,0,0,1,"407090,222530379018281","5758395,538876540027559","7,647546950000050","51,968473378000098"
171132,2022,4,6,4,3,5,3,2,1,1,0,0,0,0,0,"407034,801196561020333","5753971,930772559717298","7,647936880000030","51,928702379000100"
171225,2022,3,17,2,3,4,3,0,1,0,0,0,0,0,0,"405043,399999978020787","5758357,062999660149217","7,617772028000050","51,967781644000098"