objectid,ujahr,umonat,ustunde,uwochentag,ukategorie,uart,utyp1,ulichtverh,istrad,istpkw,istfuss,istkrad,istgkfz,istsonstig,ustrzustand,linrefx,linrefy,xgcswgs84,ygcswgs84
171247,2022,4,11,4,3,5,3,0,1,1,0,0,0,0,0,"405321,719501667015720","5756924,835994220338762","7,622216894000080","51,954955669000100"
171265,2022,4,15,4,2,0,6,0,1,0,0,0,0,0,0,"401869,754999972996302","5753654,678999650292099","7,572932682000040","51,924964246999998"
171313,2022,4,12,2,2,3,6,0,1,0,0,0,0,0,0,"404397,339999976975378","5757633,560999659821391","7,608572115000070","51,961167807000002"
171353,2022,4,15,7,3,4,2,0,1,0,0,0,0,0,1,"406629,684999979974236","5758745,583999659866095","7,640749904000070","51,971542577999998"
171518,2022,4,16,4,2,0,5,0,1,1,0,0,0,0,0,"404801,395630595972762","5759421,962546450085938","7,613955075000040","51,977311959000097"
171685,2022,4,18,4,3,5,2,0,1,1,0,0,0,0,0,"405218,795999978028703","5756540,980999659746885","7,620825469000070","51,951487886000102"
171785,2022,4,6,4,3,3,6,0,1,0,0,0,0,0,0,"404457,522999977984000","5755094,726999660022557","7,610153507000060","51,938358131000001"
171844,2022,5,10,7,3,5,3,0,1,1,0,0,0,0,0,"403349,914999975007959","5760905,578999659977853","7,592411044000070","51,990396535000102"
171867,2022,4,16,3,3,0,1,0,1,0,0,0,0,0,0,"405884,439999977999832","5758352,781999659724534","7,630011931000070","51,967886204000102"
171878,2022,4,17,4,3,5,3,0,1,0,0,0,0,0,0,"405623,247999979008455","5757098,553999659605324","7,626555733000030","51,956568377000103"
171895,2022,4,16,4,3,6,1,0,1,0,1,0,0,0,0,"406312,978205801977310","5757011,764706750400364","7,636613809000040","51,955904906999997"
171913,2022,4,15,3,3,5,7,0,1,1,0,0,0,0,0,"407620,217855660011992","5760714,240062220022082","7,654635307000040","51,989403387000003"
171916,2022,4,11,7,3,1,5,0,1,1,0,0,0,0,0,"407636,630667495017406","5755307,419022530317307","7,656328555000070","51,940806717999997"
171995,2022,5,15,2,3,4,6,0,1,1,0,0,0,0,0,"408433,882999982975889","5753870,190999659709632","7,668305871000030","51,928019788000000"
171999,2022,4,19,7,3,1,6,0,1,1,0,0,0,0,0,"405449,885979478014633","5758799,122412430122495","7,623565408000050","51,971824346000098"
172019,2022,5,9,2,3,5,3,0,1,1,0,0,0,0,0,"404584,475999976973981","5760135,806999660097063","7,610599307000030","51,983691032000102"
172066,2022,5,18,2,3,0,1,0,1,0,0,0,0,0,0,"406963,432448773004580","5756765,378441509790719","7,646143434000070","51,953799465000003"
172072,2022,5,15,6,3,8,7,0,1,0,0,0,0,0,0,"405812,788287448987830","5756512,142540640197694","7,629473956000030","51,951329581000003"
172140,2022,4,22,6,3,4,7,2,1,1,0,0,0,0,0,"405162,343677920987830","5753881,218083020299673","7,620737756000040","51,927571137000001"
172179,2022,5,15,5,3,5,3,0,1,1,0,0,0,0,0,"399821,328042267996352","5756403,500923469662666","7,542352960000070","51,949306216000103"
172377,2022,5,1,2,2,0,7,2,1,0,0,0,0,0,0,"405792,125592363998294","5757842,192071029916406","7,628808659000070","51,963281162000001"
172402,2022,5,16,2,2,5,3,0,1,1,0,0,0,0,0,"402384,145999972999562","5758426,777999660000205","7,579055685000070","51,967947622000104"
172498,2022,4,17,4,3,2,6,0,1,0,0,0,0,0,0,"402889,015237879997585","5757482,606676340103149","7,586669374000050","51,959549584000101"
172854,2022,5,20,2,3,0,5,1,1,1,0,0,0,0,0,"405650,078216959023848","5755895,737580230459571","7,627276281000040","51,945761474999998"
172916,2022,5,17,4,3,5,7,0,1,0,0,0,0,1,0,"405492,397025684011169","5757183,818468020297587","7,624628624000020","51,957312548000097"
172930,2022,5,9,2,3,2,6,0,1,1,0,0,0,0,0,"405568,931193079974037","5758684,144551060162485","7,625329526000030","51,970811118000000"
172976,2022,5,14,4,2,5,3,0,1,1,0,0,0,0,0,"407713,118999980972148","5751437,567999660037458","7,658478460000030","51,906034837999997"
173013,2022,5,17,4,3,7,6,0,1,1,0,0,0,0,0,"405826,785547901992686","5757242,300829459913075","7,629477450000020","51,957894945000099"
173108,2022,5,13,7,3,5,2,0,1,0,0,0,0,1,0,"411857,509999984991737","5752521,181999660097063","7,718429162000060","51,916446436999998"
173124,2022,5,11,1,3,5,3,0,1,1,0,0,0,0,0,"411017,279999982973095","5759940,345999659970403","7,704294964000040","51,983001731999998"
173154,2022,5,17,2,3,0,1,0,1,0,0,0,0,0,1,"404750,305557955987751","5757277,592689270153642","7,613806353000030","51,958028807000098"
173238,2022,5,1,1,3,5,2,2,1,1,0,0,0,0,0,"404464,114999976998661","5757665,046999660320580","7,609534910000040","51,961462293000103"
173240,2022,5,7,4,3,1,7,0,1,1,0,0,0,0,0,"404893,504587973002344","5758772,919077550061047","7,615475569000070","51,971493889000001"
173273,2022,5,12,7,3,1,3,0,1,0,0,0,0,0,0,"405677,556326091988012","5758537,095077740028501","7,626950737000070","51,969507819999997"
173321,2022,5,15,5,3,5,3,0,1,1,0,0,0,0,1,"406884,655999979993794","5757243,175999660044909","7,644867943000070","51,958080969000001"
173404,2022,5,7,5,3,3,6,0,1,0,0,0,0,0,0,"407555,729129498009570","5751633,861029149964452","7,656138587000040","51,907773147000100"
173429,2022,5,7,5,3,1,5,0,1,1,0,0,0,0,0,"406444,642999977979343","5758004,780999659560621","7,638258817000060","51,964852779000097"
173481,2022,5,9,2,3,5,2,0,1,1,0,0,0,0,0,"412311,306999986001756","5753051,077999659813941","7,724890541000040","51,921281239000102"
173545,2022,5,16,4,3,5,3,0,1,0,0,0,0,0,0,"405895,695999979972839","5758391,405999659560621","7,630165142000070","51,968235279000098"
173600,2022,5,18,2,3,5,2,0,1,1,0,0,0,0,1,"404655,843999976990744","5752738,798999659717083","7,613690260000060","51,917216045000004"
173618,2022,5,14,3,3,1,7,0,1,1,0,0,0,0,0,"408163,370125947985798","5754158,209605810232460","7,664295947000030","51,930564113000102"
173641,2022,5,9,5,3,3,7,0,1,0,0,0,0,0,0,"406036,879999979981221","5756775,974999659694731","7,632661589000070","51,953738934999997"
173650,2022,5,16,5,3,5,3,0,1,1,0,0,0,0,1,"408233,080781958997250","5754227,788031909614801","7,665290988000040","51,931201025000099"
173746,2022,5,11,2,3,5,3,0,1,1,0,0,0,0,0,"408829,663566028000787","5755966,006758489646018","7,673504701000070","51,946923293000097"
173938,2022,5,14,7,2,8,1,0,1,0,0,0,0,0,0,"406404,930999977979809","5763039,626999660395086","7,636306883000030","52,010101462000101"
173956,2022,5,13,3,3,3,6,0,1,0,0,0,0,0,1,"406325,319362792011816","5751737,670999559573829","7,638229329000070","51,908500699000101"
174112,2022,5,13,7,3,5,3,0,1,1,0,0,0,0,0,"407857,174999982002191","5757275,247999659739435","7,659008453000070","51,958531258000100"
174119,2022,5,11,5,3,7,7,0,1,0,0,0,0,0,0,"407979,214158907998353","5759552,257479780353606","7,660173699000040","51,979018474999997"
174137,2022,6,14,7,3,0,1,0,1,0,0,0,0,0,0,"407567,787963605020195","5751516,401571819558740","7,656345345000030","51,906719349000099"
174211,2022,5,10,6,3,5,2,0,1,0,0,0,0,0,0,"406128,618999978993088","5758081,205999660305679","7,633639462000080","51,965486447000004"
174230,2022,6,18,6,3,5,3,0,1,0,0,0,0,0,0,"406860,266999980027322","5757323,844999659806490","7,644491239000050","51,958801977000100"
174313,2022,6,11,2,3,6,1,0,1,0,1,0,0,0,0,"405841,504978129989468","5757304,174000630155206","7,629674640000080","51,958453582000097"
174447,2022,6,15,2,3,0,7,0,1,0,1,0,0,0,0,"405443,617856826982461","5757883,270719439722598","7,623726413000040","51,963591227999999"
174646,2022,5,9,7,3,0,1,0,1,0,0,0,0,0,0,"403678,289999975997489","5761114,690999659709632","7,597133122000060","51,992333137000102"
174683,2022,5,17,1,3,5,2,0,1,1,0,0,0,0,0,"404762,989999977988191","5757283,393999660387635","7,613989286000050","51,958083123999998"
174803,2022,6,17,7,3,0,1,0,1,0,0,0,0,0,0,"406194,403999980015215","5756059,293800000101328","7,635148765000050","51,947323652000101"
174872,2022,6,13,6,3,1,5,0,1,1,0,0,0,0,0,"405590,845450380002148","5757393,370825090445578","7,626003312000020","51,959212819000101"
174887,2022,6,8,5,2,0,3,0,1,0,0,0,0,1,0,"404140,550958038016688","5760836,485799860209227","7,603941284000030","51,989912526000097"
175022,2022,6,21,7,3,0,4,1,1,0,1,0,0,0,0,"408731,612153187976219","5757601,425447179935873","7,671644106000030","51,961607356000101"
175161,2022,6,6,6,3,5,3,0,1,0,0,0,0,0,1,"403544,979066243977286","5756754,503804080188274","7,596417423000050","51,953119339000096"
175176,2022,6,15,4,3,5,4,0,1,0,1,0,0,0,0,"405533,378324586024974","5756146,968361830338836","7,625509869000040","51,947999844999998"
175202,2022,6,8,3,2,4,2,0,1,1,0,0,0,0,0,"403133,024795438977890","5758633,123601829633117","7,589894930000070","51,969933325000099"
175312,2022,6,8,7,3,0,3,0,1,1,0,0,0,0,0,"403805,151999976020306","5761690,659999660216272","7,598818565000040","51,997532093000103"
175370,2022,6,20,6,3,0,3,0,1,0,0,0,0,0,0,"404922,947999976982828","5758369,859999660402536","7,616015687000070","51,967876079000099"
175407,2022,6,12,3,2,5,2,0,1,1,0,0,0,0,0,"407007,232999980973545","5758548,055999659933150","7,646297954000030","51,969830399000003"
175515,2022,6,18,4,3,3,2,0,1,0,0,0,0,0,0,"407123,749999979976565","5756608,623999659903347","7,648518020000040","51,952417270000097"
175575,2022,6,21,5,3,1,6,1,1,1,0,0,0,0,0,"410980,032164952019230","5760212,742815120145679","7,703682043000070","51,985444252999997"
175577,2022,6,13,2,3,5,3,0,1,0,0,0,0,0,0,"406672,404999979014974","5757000,885999660007656","7,641845754000030","51,955867562000002"
175603,2022,6,14,3,2,0,7,0,1,0,0,0,0,0,0,"407959,411693555011880","5754693,954919430427253","7,661187048000040","51,935346025999998"
175691,2022,6,16,6,2,0,7,0,1,0,0,0,0,0,0,"407239,726561516989022","5757763,064774090424180","7,649893426000060","51,962813347000100"
175764,2022,6,18,5,3,5,3,0,1,0,0,0,0,1,0,"404320,209353971993551","5759893,966840690001845","7,606819848000040","51,981471843000101"
175810,2022,6,15,4,3,5,3,0,1,1,0,0,0,0,0,"411409,333999984024558","5760399,558999669738114","7,709883607000050","51,987192118000102"
175935,2022,7,10,7,2,0,7,0,1,0,0,0,0,0,0,"404597,985442090022843","5760135,826701999641955","7,610795958000040","51,983693529000000"
175969,2022,7,18,3,3,5,2,0,1,0,0,0,0,1,0,"406682,789999980013818","5754908,105999659746885","7,642564935000050","51,937058321999999"
176024,2022,7,19,7,3,4,3,0,1,1,0,0,0,0,0,"407925,166999981971458","5758290,443999660201371","7,659725499000050","51,967667665000100"
176072,2022,7,19,7,3,0,2,0,1,0,0,0,0,0,0,"405771,577999976987485","5756493,690999659709632","7,628879546000060","51,951156750000102"
176248,2022,7,13,4,3,0,1,0,1,0,0,0,0,0,0,"405269,928585962974466","5759528,781021179631352","7,620745054000050","51,978352158000099"
176417,2022,7,16,2,2,0,1,0,1,0,0,0,0,0,0,"405980,348542447027285","5759203,063139230012894","7,631174695000030","51,975545130999997"
176429,2022,7,17,1,3,0,7,0,1,0,1,0,0,0,0,"406874,836999979976099","5750866,107999649830163","7,646450911000040","51,900758714000098"
176609,2022,7,23,6,3,1,5,2,1,1,0,0,0,0,0,"404319,405712986015715","5758429,941704460419714","7,607216307000040","51,968312552000000"
176663,2022,7,21,6,2,0,6,1,1,0,0,0,0,0,0,"406150,441043076978531","5757160,902282530441880","7,634208464000040","51,957218017999999"
176794,2022,7,13,6,3,5,3,0,1,0,0,0,0,0,0,"405229,093258201028220","5757881,447180420160294","7,620605475000050","51,963538309000100"
176841,2022,7,2,5,3,0,7,2,1,0,0,0,0,0,1,"406262,516999978979584","5758124,735999659635127","7,635575956000030","51,965900309000098"
176867,2022,7,18,4,3,5,3,0,1,0,0,0,0,0,0,"405183,704953912994824","5758317,120124179869890","7,619824755000020","51,967446573000103"
176872,2022,7,8,6,3,0,7,0,1,0,0,0,0,1,0,"407430,957129115995485","5757176,980984330177307","7,652833861000030","51,957577188000101"
177029,2022,7,15,5,2,0,6,0,1,0,0,0,0,0,0,"407395,573999979998916","5752999,052999660372734","7,653444043000040","51,920017719000001"
177040,2022,7,14,3,3,3,2,0,1,1,0,0,0,0,1,"406444,642999977979343","5758004,780999659560621","7,638258817000060","51,964852779000097"
177279,2022,8,16,4,3,5,2,0,1,1,0,0,0,0,0,"407447,235999979020562","5757311,139999659731984","7,653034554000040","51,958785791000103"
177349,2022,7,9,6,3,5,2,0,1,1,0,0,0,0,0,"400888,894547805015463","5761669,825967139564455","7,556360527000040","51,996831965000098"
177406,2022,8,6,3,3,5,3,0,1,0,0,0,0,0,0,"405241,017540519009344","5750673,539856010116637","7,622764071000060","51,898752350000102"
177511,2022,8,9,5,3,6,2,0,1,0,1,0,0,0,0,"402358,535999974003062","5757921,008999659679830","7,578826833000050","51,963397149999999"
177590,2022,8,11,2,3,5,3,0,1,1,0,0,0,0,1,"408221,226999979990069","5757038,935999659821391","7,664368221000070","51,956467358000097"
177595,2022,7,11,2,3,0,5,0,1,1,0,0,0,0,0,"405978,029172125970945","5757776,285703210160136","7,631531685000030","51,962720238000003"
177669,2022,8,17,1,3,3,6,0,1,0,0,1,0,0,0,"402351,350999974994920","5754447,556999649852514","7,579709016000040","51,932175557000100"
177746,2022,7,23,7,2,7,1,2,1,0,0,0,0,0,0,"406421,969999978027772","5756871,130999660119414","7,638237737000050","51,954659174000000"
177901,2022,7,13,4,3,5,2,0,1,1,0,0,0,0,0,"404538,546850587998051","5752717,082428280264139","7,611991313000030","51,917000751000003"
177946,2022,8,17,3,3,0,6,0,1,0,0,0,0,0,0,"408529,221703407005407","5756922,450678340159357","7,668880087000050","51,955471067000097"
177976,2022,7,18,5,2,5,7,0,1,1,0,0,0,0,0,"412544,210032631992362","5752566,347159069962800","7,728399480000060","51,916960691000000"
178006,2022,8,14,3,3,0,2,0,1,1,0,0,0,0,0,"405913,416000034019817","5756161,670999660156667","7,631033687000070","51,948196410999998"
178131,2022,8,18,4,3,5,3,0,1,1,0,0,0,0,0,"402435,924999975017272","5758368,699999660253525","7,579825659000050","51,967434694000097"
178285,2022,8,17,4,3,0,1,0,1,0,0,0,0,0,0,"404477,128758647013456","5755177,121014379896224","7,610415734000070","51,939102087999999"
178388,2022,8,7,5,3,5,3,0,1,0,0,0,0,0,0,"405170,582715069002006","5756619,000349249690771","7,620102601000040","51,952180937999998"
178465,2022,8,12,4,3,6,1,0,1,0,1,0,0,0,0,"406215,818988866987638","5758109,692032179795206","7,634900546000040","51,965757211000003"
178485,2022,8,9,5,2,6,4,0,1,0,1,0,0,0,0,"407447,235999979020562","5757311,139999659731984","7,653034554000040","51,958785791000103"
178503,2022,8,13,4,3,3,6,0,1,0,0,0,0,0,0,"406461,391798638971522","5757096,936464980244637","7,638749760000050","51,956695455999999"
178618,2022,8,17,7,3,5,2,0,1,0,0,0,0,0,0,"404762,989999977988191","5757283,393999660387635","7,613989286000050","51,958083123999998"
178634,2022,8,15,5,3,2,6,0,1,1,0,0,0,0,0,"404949,870999909006059","5760120,164999979548156","7,615922688000070","51,983613074000097"
178648,2022,8,20,2,3,0,6,0,1,1,0,0,0,0,0,"405317,448730484989937","5755938,973768919706345","7,622426361000070","51,946093586000103"
178902,2022,8,17,1,3,9,6,0,1,0,0,0,0,0,0,"409303,012485134007875","5752387,668513690121472","7,681333016000050","51,914836137000101"
179062,2022,8,17,2,3,0,3,0,1,1,0,0,0,0,0,"403025,876999975997023","5757525,724999650381505","7,588648402000050","51,959961030000002"
179070,2022,9,7,5,3,0,2,0,1,0,0,0,0,0,0,"405491,807784758973867","5757089,507896799594164","7,624645995000040","51,956464744000101"
179169,2022,9,15,5,3,5,2,0,1,1,0,0,0,0,0,"407857,174999982002191","5757275,247999659739435","7,659008453000070","51,958531258000100"
179232,2022,8,16,2,3,0,3,0,1,1,0,0,0,0,0,"407614,792999980971217","5753267,442999660037458","7,656558724000040","51,922466587000002"
179243,2022,8,19,4,3,1,5,0,1,1,0,0,0,0,0,"408845,414980027009733","5753494,744108390063047","7,674388702000040","51,924712565999997"
179642,2022,8,17,7,3,1,5,0,1,0,0,0,0,1,0,"406048,705429340014234","5756985,054931050166488","7,632776449000060","51,955620241000098"
179661,2022,8,17,3,3,3,2,0,1,1,0,0,0,0,0,"405682,920999978028703","5756896,932999660260975","7,627479219000070","51,954766243000101"
179720,2022,9,12,6,3,5,5,0,1,1,0,0,0,0,0,"406444,642999977979343","5758004,780999659560621","7,638258817000060","51,964852779000097"
179769,2022,8,15,4,2,6,4,0,1,0,1,0,0,0,0,"405136,750999976997264","5757672,333999659866095","7,619319611000040","51,961642966000099"
179829,2022,9,20,7,3,2,6,2,1,1,0,0,0,0,1,"407330,902055659971666","5756386,116012089885771","7,651591474000040","51,950451803000099"
179872,2022,9,20,5,2,2,6,2,1,1,0,0,0,0,0,"404097,670107454003301","5754901,212857680395246","7,604974395000060","51,936556846000002"
179895,2022,8,7,4,3,4,6,0,1,0,0,0,0,1,0,"406542,134556405013427","5757584,344247049652040","7,639791831000030","51,961090089999999"
179917,2022,8,9,3,2,2,6,0,1,1,0,0,0,0,0,"405924,491747950029094","5757220,116065570153296","7,630905025000060","51,957712078000000"
180068,2022,8,14,3,3,0,1,0,1,0,0,0,0,0,0,"406202,575078263005707","5756169,853543709963560","7,635237447000070","51,948318794999999"
180253,2022,9,9,3,3,3,6,0,1,0,0,0,0,0,0,"406208,938999979000073","5757441,278999660164118","7,634982973000040","51,959748044999998"
180278,2022,9,8,2,3,0,5,0,1,1,0,0,0,0,0,"406133,727999978989828","5757120,816999659873545","7,633976266000050","51,956854892000102"
180280,2022,9,8,4,3,5,3,0,1,0,0,0,0,0,1,"405624,090185799985193","5757110,737548870034516","7,626564638000050","51,956678031000102"
180296,2022,9,13,6,3,5,3,0,1,1,0,0,0,0,0,"401453,286999973002821","5758198,722999660298228","7,565575666000030","51,965733570000097"
180349,2022,9,7,7,3,5,2,0,1,0,0,0,0,1,0,"405396,070999977993779","5758849,162999659776688","7,622768437000050","51,972264973999998"
180389,2022,9,14,4,3,5,3,0,1,0,0,0,0,0,0,"405965,222999978985172","5757561,564999659545720","7,631404139000040","51,960788065000003"
180481,2022,9,7,2,3,5,3,0,1,0,0,0,0,0,0,"405832,594999976980034","5758606,651999659836292","7,629187852000030","51,970159316000000"
180490,2022,10,9,7,3,0,3,0,1,0,0,0,0,0,1,"405208,893999978026841","5757219,746999659575522","7,620494175000030","51,957587232000002"
180528,2022,9,18,2,3,2,5,0,1,0,0,0,0,1,1,"406020,448012345004827","5756733,178264009766281","7,632434251000060","51,953351480999999"
180669,2022,9,10,5,3,2,6,0,1,1,0,0,0,0,0,"406029,433351052983198","5758027,759651499800384","7,632210819000020","51,964989290000098"
180762,2022,9,8,6,3,5,2,0,1,1,0,0,0,0,0,"405432,750202604976948","5750116,777987769804895","7,625702579000060","51,893780452000001"
180804,2022,9,8,3,3,0,6,0,1,1,0,0,0,0,0,"405450,407857508980669","5757513,437027639709413","7,623927022000030","51,960268161999998"
180842,2022,9,8,6,3,5,6,0,1,1,0,0,0,0,0,"402074,184999972989317","5759299,736999659799039","7,574296209000070","51,975739447000102"
181008,2022,9,18,5,3,5,2,1,1,0,0,0,0,0,0,"405351,585999978007749","5758718,014999659731984","7,622157195000060","51,971078589000101"
181026,2022,9,7,5,3,5,3,1,1,1,0,0,0,0,0,"407037,430999980017077","5753888,505999660119414","7,647997652000070","51,927952950000098"
181062,2022,9,11,3,3,3,2,0,1,1,0,0,0,0,1,"404856,702334508008789","5754423,605721999891102","7,616144118000020","51,932394199999997"
181138,2022,9,14,5,3,5,3,0,1,0,0,0,0,1,0,"398772,722997124015819","5753798,819981999695301","7,527867258000070","51,925705282000102"
181161,2022,10,17,6,3,5,3,0,1,1,0,0,0,0,1,"406014,186999979021493","5756712,800999660044909","7,632348744000070","51,953167263000097"
181203,2022,10,7,3,3,5,3,0,1,0,0,0,0,0,1,"406269,002999976975843","5757524,573999660089612","7,635834135000040","51,960506868000003"
181271,2022,10,16,6,3,0,3,0,1,1,0,0,0,0,1,"405656,462791230995208","5759105,165496679954231","7,626487640000050","51,974610294000101"
181332,2022,10,15,6,3,0,1,0,1,0,0,0,0,0,1,"409361,299999982991721","5752970,735999659635127","7,682026755000040","51,920086648000101"
181414,2022,10,13,3,3,6,4,0,1,0,1,0,0,0,0,"405335,949604799970984","5757391,343959139660001","7,622295366000060","51,959151263000102"
181460,2022,10,15,7,3,4,6,0,1,0,0,0,0,0,0,"407991,672999982023612","5754721,959999660030007","7,661648689000060","51,935603088000100"
181463,2022,10,14,6,3,4,6,0,1,0,0,0,0,1,0,"408635,924506755021866","5764439,203259999863803","7,668429667000050","52,023053302000100"
181645,2022,10,13,3,3,5,3,0,1,1,0,0,0,0,0,"408251,952999979024753","5758414,677999660372734","7,664447716000040","51,968838384000001"
181697,2022,10,0,7,3,6,4,2,1,0,1,0,0,0,0,"405250,411999977019150","5757999,081999659538269","7,620883217000030","51,964599292000102"
181708,2022,10,16,5,3,6,4,0,1,0,1,0,0,0,1,"405594,036014957993757","5757520,370066690258682","7,626014828000050","51,960354885000100"
181811,2022,10,8,4,3,5,3,0,1,1,0,0,0,0,0,"403621,740046270017046","5754823,987968290224671","7,598075237000050","51,935780496000099"
181824,2022,10,0,7,3,5,3,2,1,0,0,0,0,0,0,"403700,433999977016356","5758683,554999659769237","7,598137952000060","51,970485216000000"
182321,2022,10,16,3,3,5,3,0,1,0,0,0,0,0,0,"405329,976664563990198","5760462,582024079747498","7,621361370000050","51,986755750999997"
182340,2022,11,17,3,3,5,3,2,1,1,0,0,0,0,0,"406942,224863976996858","5758747,941998819820583","7,645297726000020","51,971616192000099"
182354,2022,11,7,5,3,5,3,0,1,1,0,0,0,0,0,"404785,107856624003034","5755138,473235050216317","7,614905231000020","51,938807490999999"
182529,2022,10,19,2,3,0,1,2,1,0,0,0,0,0,1,"405425,391151858028024","5758246,025928249582648","7,623361297000030","51,966848722000101"
182544,2022,10,17,3,3,0,7,0,1,0,1,0,0,0,0,"407297,530051836976781","5756458,391049129888415","7,651086535000050","51,951095889000001"
182611,2022,11,19,7,3,0,1,2,1,1,0,0,0,0,0,"404451,660140182008035","5758395,447146370075643","7,609150468000050","51,968025253000100"
182713,2022,11,16,6,3,5,3,1,1,1,0,0,0,0,0,"405853,456999977992382","5754438,165999660268426","7,630633397000050","51,932694578000103"
182724,2022,11,14,3,3,4,6,0,1,1,0,0,0,0,0,"403814,912842819001526","5755463,825396480038762","7,600705292000040","51,941565013000101"
182836,2022,10,13,3,3,0,1,0,1,0,0,0,0,0,0,"406110,347361525986344","5757496,191165340133011","7,633533520000070","51,960224981000103"
182862,2022,10,12,5,3,3,4,0,1,0,1,0,0,0,0,"404720,981950032000896","5762021,112920089624822","7,612062492000060","52,000660215000003"
182874,2022,10,16,1,3,4,6,0,1,1,0,0,0,0,0,"408756,682784673990682","5756254,544715999625623","7,672366572000040","51,949504886000099"
182947,2022,10,13,3,3,5,3,0,1,1,0,0,0,0,0,"405971,656895659980364","5757041,256808619946241","7,631640167000060","51,956112386000001"
183014,2022,10,13,2,3,5,2,0,1,1,0,0,0,0,0,"407523,013999980990775","5757721,375999660231173","7,654026609000030","51,962485819999998"
183038,2022,10,20,5,3,5,3,2,1,1,0,0,0,0,0,"405877,256999977980740","5757538,694999660365283","7,630130532000070","51,960567615000102"
183114,2022,10,15,7,3,4,6,0,1,0,0,0,0,0,0,"404747,635113622993231","5752681,952678140252829","7,615040211000060","51,916720793000103"
183286,2022,11,12,7,3,6,4,0,1,0,1,0,0,0,0,"405710,496746012009680","5757640,530983880162239","7,627676286000050","51,961454705999998"
183366,2022,11,16,2,3,5,3,0,1,1,0,0,0,0,0,"408519,429641866008751","5753736,582442279905081","7,669585174000080","51,926832892999997"
183375,2022,11,16,4,3,1,5,2,1,1,0,0,0,0,0,"405649,849044220987707","5755736,866313120350242","7,627316548000070","51,944333428000000"
183391,2022,11,13,5,2,2,6,0,1,1,0,0,0,0,1,"407373,984999978973065","5758356,026999659836292","7,651686996000020","51,968165584000097"
183394,2022,12,7,5,3,0,7,1,1,0,0,0,0,0,1,"405118,954999978013802","5756000,876999660395086","7,619522217000050","51,946616178000099"
183495,2022,11,8,6,3,0,3,0,1,0,0,0,0,0,1,"406629,684999979974236","5758745,583999659866095","7,640749904000070","51,971542577999998"
183639,2022,11,13,5,3,0,3,0,1,1,0,0,0,0,0,"401414,775714170013089","5753625,319895699620247","7,566326750000030","51,924619974999999"
183640,2022,11,15,3,3,5,2,0,1,1,0,0,0,0,0,"406682,789999980013818","5754908,105999659746885","7,642564935000050","51,937058321999999"
183700,2022,11,15,2,3,5,3,0,1,1,0,0,0,0,0,"411409,333999984024558","5760399,558999669738114","7,709883607000050","51,987192118000102"
183710,2022,11,9,5,3,3,2,0,1,1,0,0,0,0,1,"405448,447999977972358","5758183,465999660082161","7,623714038000060","51,966290330000000"
183772,2022,11,15,2,3,5,3,0,1,1,0,0,0,0,1,"405994,141999978979584","5753970,389999659731984","7,632806838000020","51,928513752000100"
183800,2022,11,15,2,3,0,5,0,1,1,0,0,0,0,0,"400810,790999972028658","5761423,229999659582973","7,555294628000070","51,994601589000098"
183857,2022,12,16,5,3,5,1,0,1,0,0,0,0,0,0,"407886,380999981018249","5758195,781999659724534","7,659186479000030","51,966810365000100"
183996,2022,11,2,1,3,1,5,2,1,1,0,0,0,0,0,"406265,932353930023964","5758606,884962679818273","7,635494022000050","51,970234660000102"
184018,2022,11,1,1,3,5,3,2,1,1,0,0,0,0,1,"405853,456999977992382","5754438,165999660268426","7,630633397000050","51,932694578000103"
184077,2022,11,9,3,3,1,5,0,1,1,0,0,0,0,0,"406042,704254231997766","5758035,667139559984207","7,632401761000040","51,965062609000000"
184085,2022,11,12,4,3,0,7,0,1,0,1,0,0,0,0,"406835,028904479986522","5751808,692124330438673","7,645617648000040","51,909224562000098"
184172,2022,11,16,6,3,0,1,0,1,0,0,0,0,0,1,"404961,423999977996573","5756265,214999659918249","7,617157846000050","51,948965267000098"
184223,2022,11,13,6,3,0,1,0,1,0,0,0,0,0,1,"409220,580999982019421","5754283,016999660059810","7,679635025000040","51,931859401000096"
184608,2022,12,12,6,3,0,4,0,1,0,1,0,0,0,0,"405718,866504820005503","5757889,444578059948981","7,627729734000070","51,963693469000098"
184832,2022,12,8,6,3,5,3,2,1,1,0,0,0,0,1,"405662,922851624025498","5751420,208640700206161","7,628689805000020","51,905535393000001"
184931,2022,12,16,7,3,0,2,0,1,1,0,0,0,0,0,"407925,166999981971458","5758290,443999660201371","7,659725499000050","51,967667665000100"